"player_id","player_name","team","slug_anterior","slug_verificado_nuevo","cambia","sorare_exists","sorare_display_name","sorare_birth_day","sorare_active_club","club_match","sorare_url","external_source_url","source_used","verification_status","original_review_notes","claude_decision","claude_notes"
"e1587c61-7531-4715-bf98-b0c5cf49eecb","Randy Nteka","Rayo Vallecano","randy-ntekja","randy-ntekja","no","yes","Randy Nteka","1997-12-06","Rayo Vallecano","yes","https://sorare.com/football/players/randy-ntekja","","Sorare GraphQL API","VERIFIED_API_IDENTITY","all mapped audit","ACCEPT",""
"d8ca946f-2daa-4cd1-ad73-17f7d90ebd4c","Marcão","Sevilla FC","marcos-do-nascimento-teixeira","marcos-do-nascimento-teixeira","no","yes","MARCAO","1996-06-05","Sevilla FC","yes","https://sorare.com/football/players/marcos-do-nascimento-teixeira","","Sorare GraphQL API","VERIFIED_API_IDENTITY","all mapped audit","ACCEPT",""
"9f725cbb-0211-484c-ae9c-2f860de4f12f","Pathé Ciss","Rayo Vallecano","pathe-ciss","pathe-ciss","no","yes","Pathé Ciss","1994-03-16","Rayo Vallecano","yes","https://sorare.com/football/players/pathe-ciss","","Sorare GraphQL API","VERIFIED_API_IDENTITY","all mapped audit","ACCEPT",""
"bc05cdd3-951e-4e9d-a6cf-f474219ad3cb","Ortiz","Atlético de Madrid","arnau-ortiz-sanchez","arnau-ortiz-sanchez","no","yes","Arnau Ortiz","2001-10-29","Atlético de Madrid","yes","https://sorare.com/football/players/arnau-ortiz-sanchez","","Sorare GraphQL API","VERIFIED_API_IDENTITY","all mapped audit","ACCEPT",""
"a5913cc1-ed17-46af-9124-2ef5c9e3b10a","Xavi Espart","FC Barcelona","xavi-espart-font","xavi-espart-font","no","yes","Xavi Espart","2007-05-21","FC Barcelona Atlètic","yes","https://sorare.com/football/players/xavi-espart-font","","Sorare GraphQL API","VERIFIED_API_IDENTITY","all mapped audit","ACCEPT",""
"220fd953-f35b-40ce-b312-1a47b77de49b","Kervin Arriaga","Levante UD","kervin-arriaga","kervin-arriaga","no","yes","Kervin Arriaga","1998-01-05","AEK Athens FC","no","https://sorare.com/football/players/kervin-arriaga","","Sorare GraphQL API","REVIEW_CLUB_MISMATCH","all mapped audit","LIKELY_ACCEPT_STALE_TEAM","Nombre y fecha de nacimiento son un identificador único y coinciden, así que muy probablemente es la misma persona y el slug es correcto; lo más probable es que sea un traspaso/cesión reciente que vuestro campo 'team' aún no refleja (como confirmé para Araujo y Mastantuono), no un fallo de identidad. Recomiendo aceptar el slug pero además programar una actualización periódica del campo 'team' de la app contra una fuente en vivo (LaLiga oficial o Sorare) para estos casos de traspaso."
"a880703f-a919-44b9-aeb0-531cea7c6a03","Florian Lejeune","Rayo Vallecano","florian-lejeune","florian-lejeune","no","yes","Florian Lejeune","1991-05-20","Rayo Vallecano","yes","https://sorare.com/football/players/florian-lejeune","","Sorare GraphQL API","VERIFIED_API_IDENTITY","all mapped audit","ACCEPT",""
"2ed1decf-8c51-4e14-8af4-9c8afdf1b64b","Toljan","Levante UD","jeremy-toljan","jeremy-toljan","no","yes","Jeremy Toljan","1994-08-08","Levante UD","yes","https://sorare.com/football/players/jeremy-toljan","","Sorare GraphQL API","VERIFIED_API_IDENTITY","all mapped audit","ACCEPT",""
"6372d3c5-c1dc-413d-90b8-a97cedbc0293","Unai López","Rayo Vallecano","unai-lopez-cabrera","unai-lopez-cabrera","no","yes","Unai López","1995-10-30","Rayo Vallecano","yes","https://sorare.com/football/players/unai-lopez-cabrera","","Sorare GraphQL API","VERIFIED_API_IDENTITY","all mapped audit","ACCEPT",""
"277c29e6-dbb6-4745-89ee-6ac258154f1d","Tyrhys Dolan","RCD Espanyol","tyrhys-dolan","tyrhys-dolan","no","yes","Tyrhys Dolan","2001-12-28","RCD Espanyol de Barcelona","yes","https://sorare.com/football/players/tyrhys-dolan","","Sorare GraphQL API","VERIFIED_API_IDENTITY","all mapped audit","ACCEPT",""
"f5d99ab2-aeee-4fb0-a9da-1483de91614f","Aitor Paredes","Athletic Club","aitor-paredes-casamichana","aitor-paredes-casamichana","no","yes","Aitor Paredes","2000-04-29","Athletic Club","yes","https://sorare.com/football/players/aitor-paredes-casamichana","","Sorare GraphQL API","VERIFIED_API_IDENTITY","all mapped audit","ACCEPT",""
"2fa36c6a-fb4a-4505-8e88-5fed220df8a4","Vinícius Júnior 2.º","Real Madrid","vinicius-jose-paixao-de-oliveira-junior","vinicius-jose-paixao-de-oliveira-junior","no","yes","Vinícius Júnior","2000-07-12","Real Madrid","yes","https://sorare.com/football/players/vinicius-jose-paixao-de-oliveira-junior","","Sorare GraphQL API","VERIFIED_API_IDENTITY","all mapped audit","ACCEPT",""
"ca95918f-3551-455c-bf12-abeeaec28383","A. Rebbach","Deportivo Alavés","abderrahman-rebbach","abderrahman-rebbach","no","yes","A. Rebbach","1998-08-11","D. Alavés","yes","https://sorare.com/football/players/abderrahman-rebbach","","Sorare GraphQL API","VERIFIED_API_IDENTITY","all mapped audit","ACCEPT",""
"be6629d5-f472-4a33-ab0b-6d94ddc88c4b","Arda Güler","Real Madrid","arda-guler","arda-guler","no","yes","Arda Güler","2005-02-25","Real Madrid","yes","https://sorare.com/football/players/arda-guler","","Sorare GraphQL API","VERIFIED_API_IDENTITY","all mapped audit","ACCEPT",""
"dd425a92-be0c-4a6b-847f-6f7695b9a63c","Peque","Sevilla FC","gerard-fernandez-castellano","gerard-fernandez-castellano","no","yes","Peque Fernández","2002-10-04","Sevilla FC","yes","https://sorare.com/football/players/gerard-fernandez-castellano","","Sorare GraphQL API","VERIFIED_API_IDENTITY","all mapped audit","ACCEPT",""
"398c9f43-8451-4ce6-aa88-0c3235b92565","Williot Swedberg","Celta de Vigo","williot-swedberg","williot-swedberg","no","yes","Williot Swedberg","2004-02-01","RC Celta","yes","https://sorare.com/football/players/williot-swedberg","","Sorare GraphQL API","VERIFIED_API_IDENTITY","all mapped audit","ACCEPT",""
"99657bdd-cee0-4c48-ac87-09ed5ff459b4","Marcos Llorente","Atlético de Madrid","marcos-llorente-moreno","marcos-llorente-moreno","no","yes","Marcos Llorente","1995-01-30","Atlético de Madrid","yes","https://sorare.com/football/players/marcos-llorente-moreno","","Sorare GraphQL API","VERIFIED_API_IDENTITY","all mapped audit","ACCEPT",""
"c664027f-111c-4fc6-9250-7a04a722073a","Clemens Riedel","RCD Espanyol","clemens-riedel","clemens-riedel","no","yes","Clemens Riedel","2003-07-19","RCD Espanyol de Barcelona","yes","https://sorare.com/football/players/clemens-riedel","","Sorare GraphQL API","VERIFIED_API_IDENTITY","all mapped audit","ACCEPT",""
"e3f7328f-7731-4852-a10c-fba49fb06363","Pape Gueye","Villarreal CF","pape-gueye","pape-gueye","no","yes","Pape Gueye","1999-01-24","Villarreal CF","yes","https://sorare.com/football/players/pape-gueye","","Sorare GraphQL API","VERIFIED_API_IDENTITY","all mapped audit","ACCEPT",""
"d3807dae-a452-41ce-beb8-7dd98a65991a","Luiz Júnior","Villarreal CF","luiz-lucio-reis-junior","luiz-lucio-reis-junior","no","yes","Luíz Júnior","2001-01-14","Villarreal CF","yes","https://sorare.com/football/players/luiz-lucio-reis-junior","","Sorare GraphQL API","VERIFIED_API_IDENTITY","all mapped audit","ACCEPT",""
"bf8a3dfe-14b4-4092-808b-d2e8501b57d6","Nicolás Valentini","Deportivo Alavés","nicolas-valentini","nicolas-valentini","no","yes","Nicolás Valentini","2001-04-06","D. Alavés","yes","https://sorare.com/football/players/nicolas-valentini","","Sorare GraphQL API","VERIFIED_API_IDENTITY","all mapped audit","ACCEPT",""
"30eb1a3d-7d91-49dd-ac6c-16fc8e71ba75","Iago Aspas","Celta de Vigo","iago-aspas-juncal","iago-aspas-juncal","no","yes","Iago Aspas","1987-08-01","RC Celta","yes","https://sorare.com/football/players/iago-aspas-juncal","","Sorare GraphQL API","VERIFIED_API_IDENTITY","all mapped audit","ACCEPT",""
"fa4fa862-430e-487e-8914-45a1d9469217","Ali Houary","Elche CF","ali-houary-jeddoub","ali-houary-jeddoub","no","yes","Ali Houary","2005-08-05","Elche CF","yes","https://sorare.com/football/players/ali-houary-jeddoub","","Sorare GraphQL API","VERIFIED_API_IDENTITY","all mapped audit","ACCEPT",""
"d27b7757-8b7b-41ec-ad54-19c5b6c4409b","Matías Dituro","Elche CF","matias-ezequiel-dituro","matias-ezequiel-dituro","no","yes","Matías Dituro","1987-05-08","Elche CF","yes","https://sorare.com/football/players/matias-ezequiel-dituro","","Sorare GraphQL API","VERIFIED_API_IDENTITY","all mapped audit","ACCEPT",""
"6b02fe86-6137-44db-913a-8f2c5114e03a","Valentin Rosier","CA Osasuna","valentin-rosier","valentin-rosier","no","yes","Valentin Rosier","1996-08-19","CA Osasuna","yes","https://sorare.com/football/players/valentin-rosier","","Sorare GraphQL API","VERIFIED_API_IDENTITY","all mapped audit","ACCEPT",""
"230f2e1f-b15a-4336-8a52-9557450304a1","Moussa Diarra","Málaga CF","moussa-diarra-2002-01-20","moussa-diarra-2002-01-20","no","yes","Moussa Diarra","2002-01-20","Málaga CF","yes","https://sorare.com/football/players/moussa-diarra-2002-01-20","","Sorare GraphQL API","VERIFIED_API_IDENTITY","all mapped audit","ACCEPT",""
"f08c8cbb-8822-473c-be27-c3aa813f218a","Ryan","Levante UD","mathew-ryan","mathew-ryan","no","yes","Mathew Ryan","1992-04-08","Levante UD","yes","https://sorare.com/football/players/mathew-ryan","","Sorare GraphQL API","VERIFIED_API_IDENTITY","all mapped audit","ACCEPT",""
"68752ff4-b8ad-4f41-872c-eafb6eb7431c","Moussa Diarra","Deportivo Alavés","moussa-diarra-2000-11-10","moussa-diarra-2000-11-10","no","yes","Moussa Diarra","2000-11-10","D. Alavés","yes","https://sorare.com/football/players/moussa-diarra-2000-11-10","","Sorare GraphQL API","VERIFIED_API_IDENTITY","all mapped audit","ACCEPT",""
"0effae76-d2d6-4cd1-aa79-4a1661d2bcac","Miguel Rodríguez Vidal","Deportivo Alavés","miguel-rodriguez-vidal","miguel-rodriguez-vidal","no","yes","Miguel Rodríguez","2003-04-29","D. Alavés","yes","https://sorare.com/football/players/miguel-rodriguez-vidal","","Sorare GraphQL API","VERIFIED_API_IDENTITY","all mapped audit","ACCEPT",""
"71b67f06-e751-4f11-af52-d3a5bd7d8cab","Mariano Díaz Mejía","Deportivo Alavés","mariano-diaz-mejia","mariano-diaz-mejia","no","yes","Mariano Díaz","1993-08-01","D. Alavés","yes","https://sorare.com/football/players/mariano-diaz-mejia","","Sorare GraphQL API","VERIFIED_API_IDENTITY","all mapped audit","ACCEPT",""
"a1bfc909-e6f5-41b8-afd9-5ea63aadd530","Gorka Guruzeta","Athletic Club","gorka-guruzeta-rodriguez","gorka-guruzeta-rodriguez","no","yes","Gorka Guruzeta","1996-09-12","Athletic Club","yes","https://sorare.com/football/players/gorka-guruzeta-rodriguez","","Sorare GraphQL API","VERIFIED_API_IDENTITY","all mapped audit","ACCEPT",""
"9b094763-d85c-4e59-a73d-72d7b7739c11","Gerard Moreno","Villarreal CF","gerard-moreno-balaguero","gerard-moreno-balaguero","no","yes","Gerard Moreno","1992-04-07","Villarreal CF","yes","https://sorare.com/football/players/gerard-moreno-balaguero","","Sorare GraphQL API","VERIFIED_API_IDENTITY","all mapped audit","ACCEPT",""
"809ea9c1-229a-49e7-8b5a-ec12503d0ef2","Alberto Moleiro","Villarreal CF","alberto-moleiro-gonzalez","alberto-moleiro-gonzalez","no","yes","Alberto Moleiro","2003-09-30","Villarreal CF","yes","https://sorare.com/football/players/alberto-moleiro-gonzalez","","Sorare GraphQL API","VERIFIED_API_IDENTITY","all mapped audit","ACCEPT",""
"7b67d20c-bb7e-4075-b624-a5e4711dd834","Hugo Novoa","Deportivo Alavés","hugo-novoa-ramos","hugo-novoa-ramos","no","yes","Hugo Novoa","2003-01-24","D. Alavés","yes","https://sorare.com/football/players/hugo-novoa-ramos","","Sorare GraphQL API","VERIFIED_API_IDENTITY","all mapped audit","ACCEPT",""
"5f0a3e55-9d24-462e-9be8-7d965ef56875","Nicolas Pépé","Villarreal CF","nicolas-pepe","nicolas-pepe","no","yes","Nicolas Pépé","1995-05-29","Villarreal CF","yes","https://sorare.com/football/players/nicolas-pepe","","Sorare GraphQL API","VERIFIED_API_IDENTITY","all mapped audit","ACCEPT",""
"effe87b0-82c6-4ab9-90c6-00640a2cfdb6","Renato Veiga","Villarreal CF","renato-de-palma-veiga","renato-de-palma-veiga","no","yes","Renato Veiga","2003-07-29","Villarreal CF","yes","https://sorare.com/football/players/renato-de-palma-veiga","","Sorare GraphQL API","VERIFIED_API_IDENTITY","all mapped audit","ACCEPT",""
"6ec71938-54a9-465e-a1e1-f46dfb1e9076","Juan Foyth","Villarreal CF","juan-marcos-foyth","juan-marcos-foyth","no","yes","Juan Foyth","1998-01-12","Villarreal CF","yes","https://sorare.com/football/players/juan-marcos-foyth","","Sorare GraphQL API","VERIFIED_API_IDENTITY","all mapped audit","ACCEPT",""
"4b8b7b6e-cd3f-4407-a96f-23ecc539aa0b","Tunde","Levante UD","babatunde-jimoh-akinsola","babatunde-jimoh-akinsola","no","yes","Tunde","2003-03-10","AVS","no","https://sorare.com/football/players/babatunde-jimoh-akinsola","","Sorare GraphQL API","REVIEW_CLUB_MISMATCH","all mapped audit","LIKELY_ACCEPT_STALE_TEAM","Nombre y fecha de nacimiento son un identificador único y coinciden, así que muy probablemente es la misma persona y el slug es correcto; lo más probable es que sea un traspaso/cesión reciente que vuestro campo 'team' aún no refleja (como confirmé para Araujo y Mastantuono), no un fallo de identidad. Recomiendo aceptar el slug pero además programar una actualización periódica del campo 'team' de la app contra una fuente en vivo (LaLiga oficial o Sorare) para estos casos de traspaso."
"a490897d-fe33-458f-8fd4-9d32ff61da6f","Santiago Mouriño","Villarreal CF","alvaro-santiago-mourino-gonzalez","alvaro-santiago-mourino-gonzalez","no","yes","Santiago Mouriño","2002-02-13","Villarreal CF","yes","https://sorare.com/football/players/alvaro-santiago-mourino-gonzalez","","Sorare GraphQL API","VERIFIED_API_IDENTITY","all mapped audit","ACCEPT",""
"6830a542-fc4a-4cfe-b1cd-a793ca4063ed","Fer Niño","Elche CF","fernando-nino-rodriguez","fernando-nino-rodriguez","no","yes","Fer Niño","2000-10-24","Elche CF","yes","https://sorare.com/football/players/fernando-nino-rodriguez","","Sorare GraphQL API","VERIFIED_API_IDENTITY","all mapped audit","ACCEPT",""
"b72ee25b-7027-4409-8858-0bc65ed2d785","Fernando Calero","Málaga CF","fernando-calero-villa","fernando-calero-villa","no","yes","Fernando Calero","1995-09-14","Málaga CF","yes","https://sorare.com/football/players/fernando-calero-villa","","Sorare GraphQL API","VERIFIED_API_IDENTITY","all mapped audit","ACCEPT",""
"bf79ff30-8fd6-4fba-9fd2-af71b269f5e2","Aarón Ochoa","Málaga CF","aaron-ochoa-moloney","aaron-ochoa-moloney","no","yes","Aarón Ochoa","2007-04-18","Málaga CF","yes","https://sorare.com/football/players/aaron-ochoa-moloney","","Sorare GraphQL API","VERIFIED_API_IDENTITY","all mapped audit","ACCEPT",""
"4fb3ea9a-6e92-4835-a2f0-a592ad92e06f","Mikel Rodríguez","Deportivo Alavés","mikel-rodriguez-ulacia","mikel-rodriguez-ulacia","no","yes","Mikel Rodríguez","2002-04-03","D. Alavés","yes","https://sorare.com/football/players/mikel-rodriguez-ulacia","","Sorare GraphQL API","VERIFIED_API_IDENTITY","all mapped audit","ACCEPT",""
"fc276a4d-9f4c-4e90-8b90-24201349aca1","Adrián Niño","Málaga CF","adrian-nino-heredia","adrian-nino-heredia","no","yes","Adrián Niño","2004-06-19","Málaga CF","yes","https://sorare.com/football/players/adrian-nino-heredia","","Sorare GraphQL API","VERIFIED_API_IDENTITY","all mapped audit","ACCEPT",""
"d3988e18-9d1b-4e4d-824e-b520ff899309","Selu Diallo","Deportivo Alavés","mamadou-selu-diallo-diallo","mamadou-selu-diallo-diallo","no","yes","Selu Diallo","2003-10-01","D. Alavés","yes","https://sorare.com/football/players/mamadou-selu-diallo-diallo","","Sorare GraphQL API","VERIFIED_API_IDENTITY","all mapped audit","ACCEPT",""
"607263ba-2939-4291-b312-8581c23c04f0","Gustavo Albarracín","Deportivo Alavés","gustavo-hidalgo-albarracin","gustavo-hidalgo-albarracin","no","yes","Gustavo Albarracín","2006-04-28","NK Istra 1961","no","https://sorare.com/football/players/gustavo-hidalgo-albarracin","","Sorare GraphQL API","REVIEW_CLUB_MISMATCH","all mapped audit","LIKELY_ACCEPT_STALE_TEAM","Nombre y fecha de nacimiento son un identificador único y coinciden, así que muy probablemente es la misma persona y el slug es correcto; lo más probable es que sea un traspaso/cesión reciente que vuestro campo 'team' aún no refleja (como confirmé para Araujo y Mastantuono), no un fallo de identidad. Recomiendo aceptar el slug pero además programar una actualización periódica del campo 'team' de la app contra una fuente en vivo (LaLiga oficial o Sorare) para estos casos de traspaso."
"f35b1b6c-c0a1-4679-be5b-5b79d48cdd5b","Álex Berenguer","Athletic Club","alejandro-berenguer-remiro","alejandro-berenguer-remiro","no","yes","Álex Berenguer","1995-07-04","Athletic Club","yes","https://sorare.com/football/players/alejandro-berenguer-remiro","","Sorare GraphQL API","VERIFIED_API_IDENTITY","all mapped audit","ACCEPT",""
"05567015-1fc8-4ead-a7ea-d99476c66ff0","Alejandro Grimaldo","Atlético de Madrid","alejandro-grimaldo-garcia","alejandro-grimaldo-garcia","no","yes","Alejandro Grimaldo","1995-09-20","Atlético de Madrid","yes","https://sorare.com/football/players/alejandro-grimaldo-garcia","","Sorare GraphQL API","VERIFIED_API_IDENTITY","all mapped audit","ACCEPT",""
"ff4d171a-50f0-4a4d-bc19-c5b6816ad118","Dávid Hancko","Atlético de Madrid","david-hancko","david-hancko","no","yes","Dávid Hancko","1997-12-13","Atlético de Madrid","yes","https://sorare.com/football/players/david-hancko","","Sorare GraphQL API","VERIFIED_API_IDENTITY","all mapped audit","ACCEPT",""
"6d960142-04fc-4f15-aa33-9fae75679130","Aymeric Laporte","Athletic Club","aymeric-laporte","aymeric-laporte","no","yes","Aymeric Laporte","1994-05-27","Athletic Club","yes","https://sorare.com/football/players/aymeric-laporte","","Sorare GraphQL API","VERIFIED_API_IDENTITY","all mapped audit","ACCEPT",""
"916c770e-78a3-4094-bc9e-f13b0f9b567b","Eriksson","Racing de Santander","lars-simon-albin-eriksson","lars-simon-albin-eriksson","no","yes","Simon Eriksson","2006-04-24","Real Racing Club de Santander","yes","https://sorare.com/football/players/lars-simon-albin-eriksson","","Sorare GraphQL API","VERIFIED_API_IDENTITY","all mapped audit","ACCEPT",""
"4df8cc94-01eb-446a-ab7c-d39c9d82e470","Davinchi","Getafe CF","david-cordon-mancha","david-cordon-mancha","no","yes","Davinchi","2007-10-16","Getafe CF","yes","https://sorare.com/football/players/david-cordon-mancha","","Sorare GraphQL API","VERIFIED_API_IDENTITY","all mapped audit","ACCEPT",""
"330e0d22-f7f4-42af-bf6f-185767365bac","Orel Mangala","Getafe CF","orel-mangala","orel-mangala","no","yes","Orel Mangala","1998-03-18","Getafe CF","yes","https://sorare.com/football/players/orel-mangala","","Sorare GraphQL API","VERIFIED_API_IDENTITY","all mapped audit","ACCEPT",""
"054fdbdc-eb22-4d4f-8fc9-700fdedbe889","Aurélien Tchouaméni","Real Madrid","aurelien-tchouameni","aurelien-tchouameni","no","yes","Aurélien Tchouaméni","2000-01-27","Real Madrid","yes","https://sorare.com/football/players/aurelien-tchouameni","","Sorare GraphQL API","VERIFIED_API_IDENTITY","all mapped audit","ACCEPT",""
"92d96516-d0c7-4a61-9ebc-51ef55c5d26a","Beñat Gerenabarrena Zendoia","Athletic Club","benat-gerenabarrena-zendoia","benat-gerenabarrena-zendoia","no","yes","Beñat Gerenabarrena","2003-03-29","Athletic Club","yes","https://sorare.com/football/players/benat-gerenabarrena-zendoia","","Sorare GraphQL API","VERIFIED_API_IDENTITY","all mapped audit","ACCEPT",""
"9f618004-9896-45a0-91be-65b9ea73cd05","David Soria Solís","Getafe CF","david-soria-solis","david-soria-solis","no","yes","David Soria","1993-04-04","Getafe CF","yes","https://sorare.com/football/players/david-soria-solis","","Sorare GraphQL API","VERIFIED_API_IDENTITY","all mapped audit","ACCEPT",""
"cf1d8421-c9dd-4a57-a392-919a6562286a","Asier Villalibre","Racing de Santander","asier-villalibre-molina","asier-villalibre-molina","no","yes","Asier Villalibre","1997-09-30","Real Racing Club de Santander","yes","https://sorare.com/football/players/asier-villalibre-molina","","Sorare GraphQL API","VERIFIED_API_IDENTITY","all mapped audit","ACCEPT",""
"83b5b131-3407-4015-9076-35a6ecfc8751","Gustavo Puerta","Racing de Santander","gustavo-adolfo-puerta-molano","gustavo-adolfo-puerta-molano","no","yes","Gustavo Puerta","2003-07-23","Real Racing Club de Santander","yes","https://sorare.com/football/players/gustavo-adolfo-puerta-molano","","Sorare GraphQL API","VERIFIED_API_IDENTITY","all mapped audit","ACCEPT",""
"060bfcac-f296-4607-ab0b-32174dc4eea9","Unai Vencedor","Athletic Club","unai-vencedor-paris","unai-vencedor-paris","no","yes","Unai Vencedor","2000-11-15","Athletic Club","yes","https://sorare.com/football/players/unai-vencedor-paris","","Sorare GraphQL API","VERIFIED_API_IDENTITY","all mapped audit","ACCEPT",""
"dd2cf4f5-36a2-4619-a8b2-e8030481a0eb","Selton Sánchez","Athletic Club","selton-sued-sanchez-camilo","selton-sued-sanchez-camilo","no","yes","Selton Sánchez","2007-02-20","Athletic Club","yes","https://sorare.com/football/players/selton-sued-sanchez-camilo","","Sorare GraphQL API","VERIFIED_API_IDENTITY","all mapped audit","ACCEPT",""
"2ce3e332-8c03-46a9-9e9a-531197ff5134","Adama Boiro","Athletic Club","adama-boiro-boiro","adama-boiro-boiro","no","yes","Adama Boiro","2002-06-22","Athletic Club","yes","https://sorare.com/football/players/adama-boiro-boiro","","Sorare GraphQL API","VERIFIED_API_IDENTITY","all mapped audit","ACCEPT",""
"9a9f80d1-570e-4d0b-bf42-12382c389ec6","Nico Serrano","Athletic Club","nicolas-serrano-galdeano","nicolas-serrano-galdeano","no","yes","Nico Serrano","2003-03-05","Athletic Club","yes","https://sorare.com/football/players/nicolas-serrano-galdeano","","Sorare GraphQL API","VERIFIED_API_IDENTITY","all mapped audit","ACCEPT",""
"ea345302-bc41-4591-a3bb-4f55dd3d3f95","Johaneko Louis-Jean","Athletic Club","johaneko-louisjean","johaneko-louisjean","no","yes","Johaneko Louis-Jean","2004-06-28","Athletic Club","yes","https://sorare.com/football/players/johaneko-louisjean","","Sorare GraphQL API","VERIFIED_API_IDENTITY","all mapped audit","ACCEPT",""
"ed8b9dd5-82e7-4bdd-94b2-a6ffe68ac961","Beñat Prados","Athletic Club","benat-prados-diaz","benat-prados-diaz","no","yes","Beñat Prados","2001-02-08","Athletic Club","yes","https://sorare.com/football/players/benat-prados-diaz","","Sorare GraphQL API","VERIFIED_API_IDENTITY","all mapped audit","ACCEPT",""
"43574fb0-b8db-4cfe-8ecd-949b6c0df23d","Maguette Gueye","Racing de Santander","maguette-gueye","maguette-gueye","no","yes","Maguette Gueye","2002-12-30","Real Racing Club de Santander","yes","https://sorare.com/football/players/maguette-gueye","","Sorare GraphQL API","VERIFIED_API_IDENTITY","all mapped audit","ACCEPT",""
"08d1cc95-209b-420e-bb5d-fc753e6346cd","Giorgi Guliashvili","Racing de Santander","giorgi-guliashvili","giorgi-guliashvili","no","yes","Giorgi Guliashvili","2001-09-05","Real Racing Club de Santander","yes","https://sorare.com/football/players/giorgi-guliashvili","","Sorare GraphQL API","VERIFIED_API_IDENTITY","all mapped audit","ACCEPT",""
"d52d556a-2f98-48ed-8b15-f47d327f2c05","Álvaro Djaló","Athletic Club","alvaro-djalo-dias-fernandes","alvaro-djalo-dias-fernandes","no","yes","Álvaro Djaló","1999-08-16","Athletic Club","yes","https://sorare.com/football/players/alvaro-djalo-dias-fernandes","","Sorare GraphQL API","VERIFIED_API_IDENTITY","all mapped audit","ACCEPT",""
"83a84122-2816-4091-9bd5-61f6926a63b0","Endrick","Real Madrid","endrick-felipe-moreira-de-sousa","endrick-felipe-moreira-de-sousa","no","yes","Endrick","2006-07-21","Real Madrid","yes","https://sorare.com/football/players/endrick-felipe-moreira-de-sousa","","Sorare GraphQL API","VERIFIED_API_IDENTITY","all mapped audit","ACCEPT",""
"12b79156-7766-443a-87af-e2a7fbe1ee08","Juan Musso","Atlético de Madrid","juan-agustin-musso","juan-agustin-musso","no","yes","Juan Musso","1994-05-06","Atlético de Madrid","yes","https://sorare.com/football/players/juan-agustin-musso","","Sorare GraphQL API","VERIFIED_API_IDENTITY","all mapped audit","ACCEPT",""
"a6087a82-70b6-44a6-803b-5a21b0e8a930","José María Giménez","Atlético de Madrid","jose-maria-gimenez-de-vargas","jose-maria-gimenez-de-vargas","no","yes","José María Giménez","1995-01-20","Atlético de Madrid","yes","https://sorare.com/football/players/jose-maria-gimenez-de-vargas","","Sorare GraphQL API","VERIFIED_API_IDENTITY","all mapped audit","ACCEPT",""
"f865373e-e7f5-4512-9da7-8bff9ee6dda4","Álvaro Mantilla","Racing de Santander","alvaro-mantilla-perez","alvaro-mantilla-perez","no","yes","Álvaro Mantilla","2000-05-09","Real Racing Club de Santander","yes","https://sorare.com/football/players/alvaro-mantilla-perez","","Sorare GraphQL API","VERIFIED_API_IDENTITY","all mapped audit","ACCEPT",""
"1adf7d43-c84c-40e8-9158-ebb7be6bea26","Alejandro Rego","Athletic Club","alejandro-rego-mora","alejandro-rego-mora","no","yes","Alejandro Rego","2003-06-11","Athletic Club","yes","https://sorare.com/football/players/alejandro-rego-mora","","Sorare GraphQL API","VERIFIED_API_IDENTITY","all mapped audit","ACCEPT",""
"447fc996-835f-46db-a5cd-bfd1d3aaa53f","Peio Canales","Athletic Club","peio-canales-urtasun","peio-canales-urtasun","no","yes","Peio Canales","2005-01-17","Athletic Club","yes","https://sorare.com/football/players/peio-canales-urtasun","","Sorare GraphQL API","VERIFIED_API_IDENTITY","all mapped audit","ACCEPT",""
"3da0d33f-214e-4912-b101-57286987ddfc","Matteo Ruggeri","Atlético de Madrid","matteo-ruggeri","matteo-ruggeri","no","yes","Matteo Ruggeri","2002-07-11","Atlético de Madrid","yes","https://sorare.com/football/players/matteo-ruggeri","","Sorare GraphQL API","VERIFIED_API_IDENTITY","all mapped audit","ACCEPT",""
"c9ed15ae-a7cd-4ffa-9d58-1a577f869d6f","Cuti Romero","Atlético de Madrid","cristian-gabriel-romero","cristian-gabriel-romero","no","yes","Cristian Romero","1998-04-27","Atlético de Madrid","yes","https://sorare.com/football/players/cristian-gabriel-romero","","Sorare GraphQL API","VERIFIED_API_IDENTITY","all mapped audit","ACCEPT",""
"bebe52f8-a236-472a-8317-5043edaea248","Marash Kumbulla","Rayo Vallecano","marash-kumbulla","marash-kumbulla","no","yes","Marash Kumbulla","2000-02-08","Rayo Vallecano","yes","https://sorare.com/football/players/marash-kumbulla","","Sorare GraphQL API","VERIFIED_API_IDENTITY","all mapped audit","ACCEPT",""
"2f6bc12d-c531-41b1-8ebf-a278867752b8","Pelayo Fernández","Rayo Vallecano","pelayo-fernandez-balboa","pelayo-fernandez-balboa","no","yes","Pelayo Fernández","2003-04-29","Rayo Vallecano","yes","https://sorare.com/football/players/pelayo-fernandez-balboa","","Sorare GraphQL API","VERIFIED_API_IDENTITY","all mapped audit","ACCEPT",""
"c1ccdc8d-ab32-4750-886b-1d690d0256e9","Jozhua Vertrouwd","Rayo Vallecano","jozhua-vertrouwd","jozhua-vertrouwd","no","yes","Jozhua Vertrouwd","2004-08-21","Rayo Vallecano","yes","https://sorare.com/football/players/jozhua-vertrouwd","","Sorare GraphQL API","VERIFIED_API_IDENTITY","all mapped audit","ACCEPT",""
"95e66feb-6a70-421f-97ba-451b6a7d9211","Simon Eriksson","Racing de Santander","lars-simon-albin-eriksson","lars-simon-albin-eriksson","no","yes","Simon Eriksson","2006-04-24","Real Racing Club de Santander","yes","https://sorare.com/football/players/lars-simon-albin-eriksson","","Sorare GraphQL API","VERIFIED_API_IDENTITY","all mapped audit","ACCEPT",""
"c5eaca7e-ef2f-4cb8-b438-7cef03f85fb7","Julián Alvarez","Atlético de Madrid","julian-alvarez","julian-alvarez","no","yes","Julián Álvarez","2000-01-31","Atlético de Madrid","yes","https://sorare.com/football/players/julian-alvarez","","Sorare GraphQL API","VERIFIED_API_IDENTITY","all mapped audit","ACCEPT",""
"80162cef-93c5-48b1-9c67-934d3421b6cc","Pepelu","Valencia CF","jose-luis-garcia-vaya","jose-luis-garcia-vaya","no","yes","Pepelu","1998-08-11","Valencia CF","yes","https://sorare.com/football/players/jose-luis-garcia-vaya","","Sorare GraphQL API","VERIFIED_API_IDENTITY","all mapped audit","ACCEPT",""
"75a8627f-9cbd-488b-83f3-0eafee41b645","Ayoze Pérez","Villarreal CF","ayoze-perez-gutierrez","ayoze-perez-gutierrez","no","yes","Ayoze Pérez","1993-07-29","Villarreal CF","yes","https://sorare.com/football/players/ayoze-perez-gutierrez","","Sorare GraphQL API","VERIFIED_API_IDENTITY","all mapped audit","ACCEPT",""
"086e4467-31e7-4087-9fad-3d121ec57b86","González de Zárate","RCD Espanyol","urko-gonzalez-de-zarate-quiros","urko-gonzalez-de-zarate-quiros","no","yes","Urko González De Zarate","2001-03-20","RCD Espanyol de Barcelona","yes","https://sorare.com/football/players/urko-gonzalez-de-zarate-quiros","","Sorare GraphQL API","VERIFIED_API_IDENTITY","all mapped audit","ACCEPT",""
"b97a00a3-64cb-45f7-b9cb-7a270c54478b","Ionuț Radu","Celta de Vigo","ionu-andrei-radu","ionu-andrei-radu","no","yes","Ionuț Radu","1997-05-28","RC Celta","yes","https://sorare.com/football/players/ionu-andrei-radu","","Sorare GraphQL API","VERIFIED_API_IDENTITY","all mapped audit","ACCEPT",""
"37a63399-9548-4e54-8edd-9af447953417","Georges Mikautadze","Villarreal CF","georges-mikautadze","georges-mikautadze","no","yes","Georges Mikautadze","2000-10-31","Villarreal CF","yes","https://sorare.com/football/players/georges-mikautadze","","Sorare GraphQL API","VERIFIED_API_IDENTITY","all mapped audit","ACCEPT",""
"b640e93b-0d5b-4da9-b204-299114e1ce32","Íñigo Vicente","Racing de Santander","inigo-vicente-elorduy","inigo-vicente-elorduy","no","yes","Iñigo Vicente","1998-01-06","Real Racing Club de Santander","yes","https://sorare.com/football/players/inigo-vicente-elorduy","","Sorare GraphQL API","VERIFIED_API_IDENTITY","all mapped audit","ACCEPT",""
"473c30b5-67ce-4476-8533-27708a5e7088","Federico Redondo","Elche CF","federico-redondo-solari","federico-redondo-solari","no","yes","Federico Redondo","2003-01-18","Elche CF","yes","https://sorare.com/football/players/federico-redondo-solari","","Sorare GraphQL API","VERIFIED_API_IDENTITY","all mapped audit","ACCEPT",""
"35cecf19-00ae-4abd-a82b-ca0fbf0d1c95","Lee Kang-in","Atlético de Madrid","kang-in-lee","kang-in-lee","no","yes","Kang-In Lee","2001-02-19","Atlético de Madrid","yes","https://sorare.com/football/players/kang-in-lee","","Sorare GraphQL API","VERIFIED_API_IDENTITY","all mapped audit","ACCEPT",""
"2d51fbed-d580-4e0a-a130-fe24d4d6ea3c","Dani Lorenzo","Málaga CF","daniel-lorenzo-guerrero","daniel-lorenzo-guerrero","no","yes","Dani Lorenzo","2003-04-05","Málaga CF","yes","https://sorare.com/football/players/daniel-lorenzo-guerrero","","Sorare GraphQL API","VERIFIED_API_IDENTITY","all mapped audit","ACCEPT",""
"d2747238-8bed-442a-bcbb-ca064f8aa359","Julen Agirrezabala","Racing de Santander","julen-agirrezabala-astulez","julen-agirrezabala-astulez","no","yes","Julen Agirrezabala","2000-12-26","Real Racing Club de Santander","yes","https://sorare.com/football/players/julen-agirrezabala-astulez","","Sorare GraphQL API","VERIFIED_API_IDENTITY","all mapped audit","ACCEPT",""
"5cc85ed0-85cc-44c5-9e15-45132c30b569","Jules Koundé","FC Barcelona","jules-kounde","jules-kounde","no","yes","Jules Koundé","1998-11-12","FC Barcelona","yes","https://sorare.com/football/players/jules-kounde","","Sorare GraphQL API","VERIFIED_API_IDENTITY","all mapped audit","ACCEPT",""
"cb1093fc-9567-4bce-91ee-1f8b7eb20696","Paco Cortés","Levante UD","francisco-cortes-gracia","francisco-cortes-gracia","no","yes","Paco Cortés","2007-08-11","Levante UD","yes","https://sorare.com/football/players/francisco-cortes-gracia","","Sorare GraphQL API","VERIFIED_API_IDENTITY","all mapped audit","ACCEPT",""
"02d65b88-ecf1-4fe5-9f57-63d0153a0824","Rubén García Santos","CA Osasuna","ruben-garcia-santos","ruben-garcia-santos","no","yes","Rubén García","1993-07-14","CA Osasuna","yes","https://sorare.com/football/players/ruben-garcia-santos","","Sorare GraphQL API","VERIFIED_API_IDENTITY","all mapped audit","ACCEPT",""
"4a07b7dc-4d06-4af5-8a2b-d874824e07a7","Oso","Sevilla FC","joaquin-martinez-gauna","joaquin-martinez-gauna","no","yes","Oso","2003-07-09","Sevilla FC","yes","https://sorare.com/football/players/joaquin-martinez-gauna","","Sorare GraphQL API","VERIFIED_API_IDENTITY","all mapped audit","ACCEPT",""
"56576d67-64c1-47be-bf5c-936f9e7ea6ff","Thomas Lemar","Atlético de Madrid","thomas-lemar","thomas-lemar","no","yes","Thomas Lemar","1995-11-12","Atlético de Madrid","yes","https://sorare.com/football/players/thomas-lemar","","Sorare GraphQL API","VERIFIED_API_IDENTITY","all mapped audit","ACCEPT",""
"0a158998-e52d-4e85-899f-3c470a78e65b","Lucas Boyé","Deportivo Alavés","lucas-ariel-boye","lucas-ariel-boye","no","yes","Lucas Boyé","1996-02-28","D. Alavés","yes","https://sorare.com/football/players/lucas-ariel-boye","","Sorare GraphQL API","VERIFIED_API_IDENTITY","all mapped audit","ACCEPT",""
"cdbbf768-89b6-479c-aa28-883017ba97ea","Wojciech Szczęsny","FC Barcelona","wojciech-szczesny","wojciech-szczesny","no","yes","Wojciech Szczęsny","1990-04-18","FC Barcelona","yes","https://sorare.com/football/players/wojciech-szczesny","","Sorare GraphQL API","VERIFIED_API_IDENTITY","all mapped audit","ACCEPT",""
"94c61042-be73-4543-aefb-645266e3bf67","Íñigo Arguibide","CA Osasuna","inigo-arguibide-goni","inigo-arguibide-goni","no","yes","Íñigo Arguibide","2005-04-19","CA Osasuna","yes","https://sorare.com/football/players/inigo-arguibide-goni","","Sorare GraphQL API","VERIFIED_API_IDENTITY","all mapped audit","ACCEPT",""
"815aa8f3-92ae-481c-be2e-ec4b06450e95","Karim Adeyemi","FC Barcelona","karim-adeyemi","karim-adeyemi","no","yes","Karim Adeyemi","2002-01-18","FC Barcelona","yes","https://sorare.com/football/players/karim-adeyemi","","Sorare GraphQL API","VERIFIED_API_IDENTITY","all mapped audit","ACCEPT",""
"bdff3ac1-6006-4656-af2d-8b9565db3600","Andreas Christensen","FC Barcelona","andreas-christensen","andreas-christensen","no","yes","Andreas Christensen","1996-04-10","FC Barcelona","yes","https://sorare.com/football/players/andreas-christensen","","Sorare GraphQL API","VERIFIED_API_IDENTITY","all mapped audit","ACCEPT",""
"68177454-76e7-4083-a186-b8b20533a8bc","Héctor Fort","FC Barcelona","hector-fort-garcia","hector-fort-garcia","no","yes","Héctor Fort","2006-08-02","FC Barcelona","yes","https://sorare.com/football/players/hector-fort-garcia","","Sorare GraphQL API","VERIFIED_API_IDENTITY","all mapped audit","ACCEPT",""
"fec608d8-ec5f-4002-82fc-9e545d4365e0","Obed Vargas","Atlético de Madrid","obed-vaargas","obed-vaargas","no","yes","Obed Vargas","2005-08-05","Atlético de Madrid","yes","https://sorare.com/football/players/obed-vaargas","","Sorare GraphQL API","VERIFIED_API_IDENTITY","all mapped audit","ACCEPT",""
"52e89026-302c-4566-9d73-aa23374362d5","Marc Casadó","FC Barcelona","marc-casado-torras","marc-casado-torras","no","yes","Marc Casadó","2003-09-14","FC Barcelona","yes","https://sorare.com/football/players/marc-casado-torras","","Sorare GraphQL API","VERIFIED_API_IDENTITY","all mapped audit","ACCEPT",""
"3a2f38e9-9bb0-44fb-96c5-b49fe02b8ce4","Fede Valverde","Real Madrid","federico-santiago-valverde-dipetta","federico-santiago-valverde-dipetta","no","yes","Federico Valverde","1998-07-22","Real Madrid","yes","https://sorare.com/football/players/federico-santiago-valverde-dipetta","","Sorare GraphQL API","VERIFIED_API_IDENTITY","all mapped audit","ACCEPT",""
"c16e9e25-17c5-4651-9efc-b85e6ab60300","Dani Olmo","FC Barcelona","daniel-olmo-carvajal","daniel-olmo-carvajal","no","yes","Dani Olmo","1998-05-07","FC Barcelona","yes","https://sorare.com/football/players/daniel-olmo-carvajal","","Sorare GraphQL API","VERIFIED_API_IDENTITY","all mapped audit","ACCEPT",""
"b851bdc1-9714-4213-96e6-a3dccb7b25bf","Jesse Bisiwu","FC Barcelona","jesse-bisiwu","jesse-bisiwu","no","yes","Jesse Bisiwu","2008-01-22","FC Barcelona","yes","https://sorare.com/football/players/jesse-bisiwu","","Sorare GraphQL API","VERIFIED_API_IDENTITY","all mapped audit","ACCEPT",""
"68fe3217-4572-42fa-8b1c-82b8eaef62bd","Ronald Araujo","FC Barcelona","ronald-federico-araujo-da-silva","ronald-federico-araujo-da-silva","no","yes","Ronald Araújo","1999-03-07","Liverpool FC","no","https://sorare.com/football/players/ronald-federico-araujo-da-silva","","Sorare GraphQL API","REVIEW_CLUB_MISMATCH","all mapped audit","ACCEPT","CONFIRMADO: cedido al Liverpool para 2026-27 (agosto 2026), verificado en prensa oficial. El slug es correcto, solo el campo 'team' de vuestra app está desactualizado."
"3bb26c78-2726-40b7-a5d7-27d09254a8f9","Iván Villar","Celta de Vigo","ivan-villar-martinez","ivan-villar-martinez","no","yes","Iván Villar","1997-07-09","RC Celta","yes","https://sorare.com/football/players/ivan-villar-martinez","","Sorare GraphQL API","VERIFIED_API_IDENTITY","all mapped audit","ACCEPT",""
"aa4c4b47-fd60-4eb0-8722-aaac23bac283","Altay Bayındır","Celta de Vigo","altay-bayindir","altay-bayindir","no","yes","Altay Bayındır","1998-04-14","RC Celta","yes","https://sorare.com/football/players/altay-bayindir","","Sorare GraphQL API","VERIFIED_API_IDENTITY","all mapped audit","ACCEPT",""
"fa56c48c-6919-4b72-a273-57dc86c8dc83","Óscar Valentín","Rayo Vallecano","oscar-valentin-martin-luengo","oscar-valentin-martin-luengo","no","yes","Óscar Valentín","1994-08-20","Rayo Vallecano","yes","https://sorare.com/football/players/oscar-valentin-martin-luengo","","Sorare GraphQL API","VERIFIED_API_IDENTITY","all mapped audit","ACCEPT",""
"953e3f60-8220-400f-944f-2c371ae92337","Aitor Ruibal","Real Betis","aitor-ruibal-garcia","aitor-ruibal-garcia","no","yes","Aitor Ruibal","1996-03-22","Real Betis","yes","https://sorare.com/football/players/aitor-ruibal-garcia","","Sorare GraphQL API","VERIFIED_API_IDENTITY","all mapped audit","ACCEPT",""
"0a94572c-8b72-475b-97cd-66495dd03367","Alemao","Rayo Vallecano","alexandre-zurawski","alexandre-zurawski","no","yes","Alemão","1998-04-01","Rayo Vallecano","yes","https://sorare.com/football/players/alexandre-zurawski","","Sorare GraphQL API","VERIFIED_API_IDENTITY","all mapped audit","ACCEPT",""
"cf72c269-319c-4707-8bc1-761d23aa9d63","Abdoulaye Faye","Celta de Vigo","abdoulaye-faye","abdoulaye-faye","no","yes","Abdoulaye Faye","2004-09-22","RC Celta","yes","https://sorare.com/football/players/abdoulaye-faye","","Sorare GraphQL API","VERIFIED_API_IDENTITY","all mapped audit","ACCEPT",""
"8372dd0d-a918-45ae-9996-bba848e57829","Ilaix Moriba","Celta de Vigo","moriba-kourouma-kourouma","moriba-kourouma-kourouma","no","yes","Ilaix Moriba","2003-01-19","RC Celta","yes","https://sorare.com/football/players/moriba-kourouma-kourouma","","Sorare GraphQL API","VERIFIED_API_IDENTITY","all mapped audit","ACCEPT",""
"08833ca0-9a58-44d7-ae7b-52c62ca2a813","Carles Aleñá","Deportivo Alavés","carles-alena-castillo","carles-alena-castillo","no","yes","Carles Aleñà","1998-01-05","D. Alavés","yes","https://sorare.com/football/players/carles-alena-castillo","","Sorare GraphQL API","VERIFIED_API_IDENTITY","all mapped audit","ACCEPT",""
"e0828a4d-4e50-4507-9070-26cbdaef0835","Yoel Lago","Celta de Vigo","yoel-lago-amil","yoel-lago-amil","no","yes","Yoel Lago","2004-03-25","","unknown","https://sorare.com/football/players/yoel-lago-amil","","Sorare GraphQL API","VERIFIED_API_IDENTITY","all mapped audit","ACCEPT",""
"727ea219-82df-4212-be5b-7709c335acb5","Álex Baena","Atlético de Madrid","alejandro-baena-rodriguez","alejandro-baena-rodriguez","no","yes","Álex Baena","2001-07-20","Atlético de Madrid","yes","https://sorare.com/football/players/alejandro-baena-rodriguez","","Sorare GraphQL API","VERIFIED_API_IDENTITY","all mapped audit","ACCEPT",""
"0a1f909d-ac0c-4f97-bad4-d7d33dd7f57c","Hugo Álvarez Antúnez","Celta de Vigo","hugo-alvarez-antunez","hugo-alvarez-antunez","no","yes","Hugo Álvarez","2003-07-02","RC Celta","yes","https://sorare.com/football/players/hugo-alvarez-antunez","","Sorare GraphQL API","VERIFIED_API_IDENTITY","all mapped audit","ACCEPT",""
"e8b71b68-a09f-453f-a802-62c21b55749f","Eric Puerto Huerta","Deportivo de La Coruña","eric-puerto-huerta","eric-puerto-huerta","no","yes","Eric Puerto","2002-10-28","Real Club Deportivo de La Coruña","yes","https://sorare.com/football/players/eric-puerto-huerta","","Sorare GraphQL API","VERIFIED_API_IDENTITY","all mapped audit","ACCEPT",""
"13cc7f6b-3ee8-4835-b42a-766a0ec10cac","Álvaro Fernández Llorente","Deportivo de La Coruña","alvaro-fernandez-llorente","alvaro-fernandez-llorente","no","yes","Álvaro Fernández","1998-04-13","Real Club Deportivo de La Coruña","yes","https://sorare.com/football/players/alvaro-fernandez-llorente","","Sorare GraphQL API","VERIFIED_API_IDENTITY","all mapped audit","ACCEPT",""
"50faa1a6-99b4-41f4-8581-4da5666d0f39","Isi Palazón","Rayo Vallecano","isaac-palazon-camacho","isaac-palazon-camacho","no","yes","Isi Palazón","1994-12-27","Rayo Vallecano","yes","https://sorare.com/football/players/isaac-palazon-camacho","","Sorare GraphQL API","VERIFIED_API_IDENTITY","all mapped audit","ACCEPT",""
"fdb9b7f1-058b-4cf8-8e3f-e7eebd75e762","Sergio Camello","Rayo Vallecano","sergio-camello-perez","sergio-camello-perez","no","yes","Sergio Camello","2001-02-10","Rayo Vallecano","yes","https://sorare.com/football/players/sergio-camello-perez","","Sorare GraphQL API","VERIFIED_API_IDENTITY","all mapped audit","ACCEPT",""
"067a6fd3-cdd1-4ec4-8858-e05deb04dd86","Borja Iglesias","Celta de Vigo","borja-iglesias-quintas","borja-iglesias-quintas","no","yes","Borja Iglesias","1993-01-17","RC Celta","yes","https://sorare.com/football/players/borja-iglesias-quintas","","Sorare GraphQL API","VERIFIED_API_IDENTITY","all mapped audit","ACCEPT",""
"584ba638-c54f-45a5-a2d8-215f7f8fd73c","Jones El-Abdellaoui","Celta de Vigo","jones-el-abdellaoui","jones-el-abdellaoui","no","yes","Jones El Abdellaoui","2006-01-12","","unknown","https://sorare.com/football/players/jones-el-abdellaoui","","Sorare GraphQL API","VERIFIED_API_IDENTITY","all mapped audit","ACCEPT",""
"c85baa02-5101-47a5-bc94-212ce21a107f","Rodrigo Mendoza","Atlético de Madrid","rodrigo-mendoza-martinez-moya","rodrigo-mendoza-martinez-moya","no","yes","Rodrigo Mendoza","2005-03-15","Atlético de Madrid","yes","https://sorare.com/football/players/rodrigo-mendoza-martinez-moya","","Sorare GraphQL API","VERIFIED_API_IDENTITY","all mapped audit","ACCEPT",""
"b1876719-9385-42a1-9f0d-1134f969a2b0","Carlos Martín","Atlético de Madrid","carlos-martin-dominguez","carlos-martin-dominguez","no","yes","Carlos Martín","2002-04-22","Atlético de Madrid","yes","https://sorare.com/football/players/carlos-martin-dominguez","","Sorare GraphQL API","VERIFIED_API_IDENTITY","all mapped audit","ACCEPT",""
"eff9028b-7f7d-4f0e-976e-ed9f0989e5af","Carles Pérez","Celta de Vigo","carles-perez-sayol","carles-perez-sayol","no","yes","Carles Pérez","1998-02-16","RC Celta","yes","https://sorare.com/football/players/carles-perez-sayol","","Sorare GraphQL API","VERIFIED_API_IDENTITY","all mapped audit","ACCEPT",""
"2c910ffb-8ed3-491f-be5b-2861bc5dac9a","Hugo Sotelo","Celta de Vigo","hugo-sotelo","hugo-sotelo","no","yes","Hugo Sotelo","2003-12-19","Levante UD","no","https://sorare.com/football/players/hugo-sotelo","","Sorare GraphQL API","REVIEW_CLUB_MISMATCH","all mapped audit","LIKELY_ACCEPT_STALE_TEAM","Nombre y fecha de nacimiento son un identificador único y coinciden, así que muy probablemente es la misma persona y el slug es correcto; lo más probable es que sea un traspaso/cesión reciente que vuestro campo 'team' aún no refleja (como confirmé para Araujo y Mastantuono), no un fallo de identidad. Recomiendo aceptar el slug pero además programar una actualización periódica del campo 'team' de la app contra una fuente en vivo (LaLiga oficial o Sorare) para estos casos de traspaso."
"3dc392a4-ae8e-40ac-b379-f4e2084b8e26","Marc Bartra","Real Betis","marc-bartra-aregall","marc-bartra-aregall","no","yes","Marc Bartra","1991-01-15","Real Betis","yes","https://sorare.com/football/players/marc-bartra-aregall","","Sorare GraphQL API","VERIFIED_API_IDENTITY","all mapped audit","ACCEPT",""
"31558a05-93aa-4b5e-882e-9a9e7a613a99","Diego Conde","Real Betis","diego-jose-conde-alcolado","diego-jose-conde-alcolado","no","yes","Diego Conde","1998-10-28","Real Betis","yes","https://sorare.com/football/players/diego-jose-conde-alcolado","","Sorare GraphQL API","VERIFIED_API_IDENTITY","all mapped audit","ACCEPT",""
"c8ce73a1-8dd2-492c-b939-8c28d161bbe3","Carlos Dotor","Celta de Vigo","carlos-dotor-gonzalez","carlos-dotor-gonzalez","no","yes","Carlos Dotor","2001-03-15","Málaga CF","no","https://sorare.com/football/players/carlos-dotor-gonzalez","","Sorare GraphQL API","REVIEW_CLUB_MISMATCH","all mapped audit","LIKELY_ACCEPT_STALE_TEAM","Nombre y fecha de nacimiento son un identificador único y coinciden, así que muy probablemente es la misma persona y el slug es correcto; lo más probable es que sea un traspaso/cesión reciente que vuestro campo 'team' aún no refleja (como confirmé para Araujo y Mastantuono), no un fallo de identidad. Recomiendo aceptar el slug pero además programar una actualización periódica del campo 'team' de la app contra una fuente en vivo (LaLiga oficial o Sorare) para estos casos de traspaso."
"f437e9c9-44e2-47cb-9954-bfce7b14e87a","Unai Nuñez","Celta de Vigo","unai-nunez-gestoso","unai-nunez-gestoso","no","yes","Unai Núñez","1997-01-30","RCD Espanyol de Barcelona","no","https://sorare.com/football/players/unai-nunez-gestoso","","Sorare GraphQL API","REVIEW_CLUB_MISMATCH","all mapped audit","LIKELY_ACCEPT_STALE_TEAM","Nombre y fecha de nacimiento son un identificador único y coinciden, así que muy probablemente es la misma persona y el slug es correcto; lo más probable es que sea un traspaso/cesión reciente que vuestro campo 'team' aún no refleja (como confirmé para Araujo y Mastantuono), no un fallo de identidad. Recomiendo aceptar el slug pero además programar una actualización periódica del campo 'team' de la app contra una fuente en vivo (LaLiga oficial o Sorare) para estos casos de traspaso."
"362a8ea1-b4ee-4efa-aedf-acde61622776","Arnau Comas","Deportivo de La Coruña","arnau-comas-freixas-2000-04-11","arnau-comas-freixas-2000-04-11","no","yes","Arnau Comas","2000-04-11","Real Club Deportivo de La Coruña","yes","https://sorare.com/football/players/arnau-comas-freixas-2000-04-11","","Sorare GraphQL API","VERIFIED_API_IDENTITY","all mapped audit","ACCEPT",""
"0c22e773-ffdb-4c11-ad38-5f5d529d833e","Álvaro Valles","Real Betis","alvaro-valles-rosa","alvaro-valles-rosa","no","yes","Álvaro Valles","1997-07-25","Real Betis","yes","https://sorare.com/football/players/alvaro-valles-rosa","","Sorare GraphQL API","VERIFIED_API_IDENTITY","all mapped audit","ACCEPT",""
"00dc9ab8-680f-4b5a-b445-13d904f15747","Miguel Román González","Celta de Vigo","miguel-roman-gonzalez","miguel-roman-gonzalez","no","yes","Miguel Román","2002-12-26","RC Celta","yes","https://sorare.com/football/players/miguel-roman-gonzalez","","Sorare GraphQL API","VERIFIED_API_IDENTITY","all mapped audit","ACCEPT",""
"5e8d0b8c-054c-4913-ab45-b6dc59494b12","Diego Llorente","Real Betis","diego-javier-llorente-rios","diego-javier-llorente-rios","no","yes","Diego Llorente","1993-08-16","Real Betis","yes","https://sorare.com/football/players/diego-javier-llorente-rios","","Sorare GraphQL API","VERIFIED_API_IDENTITY","all mapped audit","ACCEPT",""
"bbdbfee9-63e4-4b91-8df4-9559c138ba90","Javi Rueda","Celta de Vigo","javier-rueda-garcia","javier-rueda-garcia","no","yes","Javi Rueda","2002-05-08","RC Celta","yes","https://sorare.com/football/players/javier-rueda-garcia","","Sorare GraphQL API","VERIFIED_API_IDENTITY","all mapped audit","ACCEPT",""
"71e3d85c-017f-4948-a921-67bd2002a193","Marcos Alonso Mendoza","Celta de Vigo","marcos-alonso-mendoza","marcos-alonso-mendoza","no","yes","Marcos Alonso","1990-12-28","RC Celta","yes","https://sorare.com/football/players/marcos-alonso-mendoza","","Sorare GraphQL API","VERIFIED_API_IDENTITY","all mapped audit","ACCEPT",""
"6249946a-4bf7-4c70-be66-4f8746845b5a","Izan Merino Rodríguez","Málaga CF","izan-merino-rodriguez","izan-merino-rodriguez","no","yes","Izan Merino","2006-04-15","Málaga CF","yes","https://sorare.com/football/players/izan-merino-rodriguez","","Sorare GraphQL API","VERIFIED_API_IDENTITY","all mapped audit","ACCEPT",""
"e9b10bb1-fff6-4dfa-b17d-1cfe6ad446ab","Enzo Bardelli","Levante UD","enzo-bardeli","enzo-bardeli","no","yes","Enzo Bardeli","2001-04-11","Levante UD","yes","https://sorare.com/football/players/enzo-bardeli","","Sorare GraphQL API","VERIFIED_API_IDENTITY","all mapped audit","ACCEPT",""
"52eba425-72bd-4468-9bab-ffc66f1c5863","Éder Militão","Real Madrid","eder-gabriel-militao","eder-gabriel-militao","no","yes","Éder Militão","1998-01-18","Real Madrid","yes","https://sorare.com/football/players/eder-gabriel-militao","","Sorare GraphQL API","VERIFIED_API_IDENTITY","all mapped audit","ACCEPT",""
"6eba214a-0281-4a08-95c3-c63625313d97","Morten Hjulmand","Atlético de Madrid","morten-hjulmand","morten-hjulmand","no","yes","Morten Hjulmand","1999-06-25","Atlético de Madrid","yes","https://sorare.com/football/players/morten-hjulmand","","Sorare GraphQL API","VERIFIED_API_IDENTITY","all mapped audit","ACCEPT",""
"74331f3a-9a24-4d92-a187-17a7fce635c6","Dean Huijsen","Real Madrid","dean-donny-huijsen","dean-donny-huijsen","no","yes","Dean Huijsen","2005-04-14","Real Madrid","yes","https://sorare.com/football/players/dean-donny-huijsen","","Sorare GraphQL API","VERIFIED_API_IDENTITY","all mapped audit","ACCEPT",""
"d93d81a5-4437-4585-b64c-9d3d8fa114df","Charlie Patiño","Deportivo de La Coruña","charlie-patino","charlie-patino","no","yes","Charlie Patino","2003-10-17","Real Club Deportivo de La Coruña","yes","https://sorare.com/football/players/charlie-patino","","Sorare GraphQL API","VERIFIED_API_IDENTITY","all mapped audit","ACCEPT",""
"7d8727ac-cea6-4e07-a7e5-e29ed3a6100a","Teun Gijselhart","Deportivo de La Coruña","teun-gijselhart","teun-gijselhart","no","yes","Teun Gijselhart","2005-04-06","Real Club Deportivo de La Coruña","yes","https://sorare.com/football/players/teun-gijselhart","","Sorare GraphQL API","VERIFIED_API_IDENTITY","all mapped audit","ACCEPT",""
"7dbc58dd-94e9-4df3-85f4-ab3eed73542a","Ez Abde","Real Betis","abdessamad-ezzalzouli","abdessamad-ezzalzouli","no","yes","Abde","2001-12-17","Real Betis","yes","https://sorare.com/football/players/abdessamad-ezzalzouli","","Sorare GraphQL API","VERIFIED_API_IDENTITY","all mapped audit","ACCEPT",""
"1edddec9-b341-4131-a26c-5bc471d9b5b4","Tchouameni","Real Madrid","aurelien-tchouameni","aurelien-tchouameni","no","yes","Aurélien Tchouaméni","2000-01-27","Real Madrid","yes","https://sorare.com/football/players/aurelien-tchouameni","","Sorare GraphQL API","VERIFIED_API_IDENTITY","all mapped audit","ACCEPT",""
"92e5cfe9-97d6-42ed-95c2-057efe7b8d64","Zakaria Eddahchouri","Deportivo de La Coruña","zakaria-eddahchouri","zakaria-eddahchouri","no","yes","Zakaria Eddahchouri","2000-05-11","Real Club Deportivo de La Coruña","yes","https://sorare.com/football/players/zakaria-eddahchouri","","Sorare GraphQL API","VERIFIED_API_IDENTITY","all mapped audit","ACCEPT",""
"21f56f64-0ff8-4d96-b171-05644b1d9379","Miguel Loureiro","Deportivo de La Coruña","miguel-loureiro-ameijeda","miguel-loureiro-ameijeda","no","yes","Miguel Loureiro Ameijenda","1996-11-21","Real Club Deportivo de La Coruña","yes","https://sorare.com/football/players/miguel-loureiro-ameijeda","","Sorare GraphQL API","VERIFIED_API_IDENTITY","all mapped audit","ACCEPT",""
"17aef964-64a7-46ae-93cb-fc243f987421","Alejandro Iturbe","Elche CF","alejandro-iturbe-encabo","alejandro-iturbe-encabo","no","yes","Alejandro Iturbe","2003-09-02","Elche CF","yes","https://sorare.com/football/players/alejandro-iturbe-encabo","","Sorare GraphQL API","VERIFIED_API_IDENTITY","all mapped audit","ACCEPT",""
"3e2be6c5-a873-47fd-9002-4eb95e6065a6","Josan Ferrández","Elche CF","jose-antonio-fernandez-pomares","jose-antonio-fernandez-pomares","no","yes","Josan Ferrández","1989-12-03","Elche CF","yes","https://sorare.com/football/players/jose-antonio-fernandez-pomares","","Sorare GraphQL API","VERIFIED_API_IDENTITY","all mapped audit","ACCEPT",""
"94f959f1-a421-46a7-8dcb-fb282d13fe58","David Mella Boullón","Deportivo de La Coruña","david-mella-boullon","david-mella-boullon","no","yes","David Mella","2005-05-23","Real Club Deportivo de La Coruña","yes","https://sorare.com/football/players/david-mella-boullon","","Sorare GraphQL API","VERIFIED_API_IDENTITY","all mapped audit","ACCEPT",""
"99f1c664-eedf-46d0-9d01-dc146dcf3ce3","Diego Villares","Deportivo de La Coruña","diego-villares-yanez","diego-villares-yanez","no","yes","Diego Villares","1996-06-17","Real Club Deportivo de La Coruña","yes","https://sorare.com/football/players/diego-villares-yanez","","Sorare GraphQL API","VERIFIED_API_IDENTITY","all mapped audit","ACCEPT",""
"d0133aff-8459-48af-9235-555e17329bab","Ibrahima Konaté","Real Madrid","ibrahima-konate","ibrahima-konate","no","yes","Ibrahima Konaté","1999-05-25","Real Madrid","yes","https://sorare.com/football/players/ibrahima-konate","","Sorare GraphQL API","VERIFIED_API_IDENTITY","all mapped audit","ACCEPT",""
"86c4d092-d2b0-4bc9-a66c-e4bb7c962768","Ademola Lookman","Atlético de Madrid","ademola-lookman","ademola-lookman","no","yes","Ademola Lookman","1997-10-20","Atlético de Madrid","yes","https://sorare.com/football/players/ademola-lookman","","Sorare GraphQL API","VERIFIED_API_IDENTITY","all mapped audit","ACCEPT",""
"2155c32b-8f68-48aa-9dcc-7435210c8d62","Carlos Romero Serrano","Villarreal CF","carlos-romero-serrano","carlos-romero-serrano","no","yes","Carlos Romero","2001-10-29","Villarreal CF","yes","https://sorare.com/football/players/carlos-romero-serrano","","Sorare GraphQL API","VERIFIED_API_IDENTITY","all mapped audit","ACCEPT",""
"8c074a0d-4ccd-4875-821c-6101a94807ef","Leandro Cabrera","RCD Espanyol","leandro-daniel-cabrera-sasia","leandro-daniel-cabrera-sasia","no","yes","Leandro Cabrera","1991-06-17","RCD Espanyol de Barcelona","yes","https://sorare.com/football/players/leandro-daniel-cabrera-sasia","","Sorare GraphQL API","VERIFIED_API_IDENTITY","all mapped audit","ACCEPT",""
"941f9a7a-931c-4a49-b6d1-13bedc5ae4a6","Enes Ünal","Getafe CF","enes-unal","enes-unal","no","yes","Enes Ünal","1997-05-10","Getafe CF","yes","https://sorare.com/football/players/enes-unal","","Sorare GraphQL API","VERIFIED_API_IDENTITY","all mapped audit","ACCEPT",""
"48fcb24b-95d3-4025-b8e7-fabb53123b48","Javi Puado","RCD Espanyol","javier-puado-diaz","javier-puado-diaz","no","yes","Javi Puado","1998-05-25","RCD Espanyol de Barcelona","yes","https://sorare.com/football/players/javier-puado-diaz","","Sorare GraphQL API","VERIFIED_API_IDENTITY","all mapped audit","ACCEPT",""
"9eb0ed5a-d7b4-4d90-851e-00c620158885","Martín Satriano","Getafe CF","martin-adrian-satriano-costa","martin-adrian-satriano-costa","no","yes","Martín Satriano","2001-02-20","Getafe CF","yes","https://sorare.com/football/players/martin-adrian-satriano-costa","","Sorare GraphQL API","VERIFIED_API_IDENTITY","all mapped audit","ACCEPT",""
"8eaed943-ea0c-44f6-a5cf-af87ecafcb2a","Marc Aguado","Elche CF","marc-aguado-pallares","marc-aguado-pallares","no","yes","Marc Aguado","2000-02-22","Elche CF","yes","https://sorare.com/football/players/marc-aguado-pallares","","Sorare GraphQL API","VERIFIED_API_IDENTITY","all mapped audit","ACCEPT",""
"e498229f-656f-42cf-b6eb-9f2a0f6fd5e3","Víctor Chust","Elche CF","victor-chust-garcia","victor-chust-garcia","no","yes","Víctor Chust","2000-03-05","Elche CF","yes","https://sorare.com/football/players/victor-chust-garcia","","Sorare GraphQL API","VERIFIED_API_IDENTITY","all mapped audit","ACCEPT",""
"d34f1036-4008-42ee-aee0-538b0262a358","Buba Sangaré","Elche CF","aboubacar-sangare-traore","aboubacar-sangare-traore","no","yes","Buba Sangaré","2007-08-06","Elche CF","yes","https://sorare.com/football/players/aboubacar-sangare-traore","","Sorare GraphQL API","VERIFIED_API_IDENTITY","all mapped audit","ACCEPT",""
"dda818da-3376-4aa6-9a6f-30b19011b8b7","Giovani Lo Celso","Real Betis","giovani-lo-celso","giovani-lo-celso","no","yes","Giovani Lo Celso","1996-04-09","Real Betis","yes","https://sorare.com/football/players/giovani-lo-celso","","Sorare GraphQL API","VERIFIED_API_IDENTITY","all mapped audit","ACCEPT",""
"d71f0e12-89f7-4b22-aa5d-7d0b36b1f168","Isco","Real Betis","francisco-roman-alarcon-suarez","francisco-roman-alarcon-suarez","no","yes","Isco","1992-04-21","Real Betis","yes","https://sorare.com/football/players/francisco-roman-alarcon-suarez","","Sorare GraphQL API","VERIFIED_API_IDENTITY","all mapped audit","ACCEPT",""
"9411a9ee-042d-4e6c-8c3a-dbbd97118f52","Gonzalo Petit","Real Betis","gonzalo-petit-abad","gonzalo-petit-abad","no","yes","Gonzalo Petit","2006-09-21","Real Betis","yes","https://sorare.com/football/players/gonzalo-petit-abad","","Sorare GraphQL API","VERIFIED_API_IDENTITY","all mapped audit","ACCEPT",""
"bae1d518-5ab4-4406-a4e4-557a16c4adca","Iker Muñoz","CA Osasuna","iker-munoz-cameros","iker-munoz-cameros","no","yes","Iker Muñoz","2002-09-05","CA Osasuna","yes","https://sorare.com/football/players/iker-munoz-cameros","","Sorare GraphQL API","VERIFIED_API_IDENTITY","all mapped audit","ACCEPT",""
"ea6bd7d7-37c8-4d56-94b9-fa730c501d76","Yeremay Hernández","Deportivo de La Coruña","yeremay-hernandez-cubas","yeremay-hernandez-cubas","no","yes","Yeremay Hernández","2002-12-10","Real Club Deportivo de La Coruña","yes","https://sorare.com/football/players/yeremay-hernandez-cubas","","Sorare GraphQL API","VERIFIED_API_IDENTITY","all mapped audit","ACCEPT",""
"f656592a-d0a8-49fa-93ec-1fe09ef66776","Toni Martínez","Deportivo Alavés","antonio-martinez-lopez","antonio-martinez-lopez","no","yes","Toni Martínez","1997-06-30","D. Alavés","yes","https://sorare.com/football/players/antonio-martinez-lopez","","Sorare GraphQL API","VERIFIED_API_IDENTITY","all mapped audit","ACCEPT",""
"3fe9667d-7a38-4083-ab05-845cac13693d","Denis Suárez","Deportivo Alavés","denis-suarez-fernandez","denis-suarez-fernandez","no","yes","Denis Suárez","1994-01-06","D. Alavés","yes","https://sorare.com/football/players/denis-suarez-fernandez","","Sorare GraphQL API","VERIFIED_API_IDENTITY","all mapped audit","ACCEPT",""
"8555fbae-d066-4fa3-84bf-ae02c7b22839","Antonio Blanco Conde","Deportivo Alavés","antonio-blanco-conde","antonio-blanco-conde","no","yes","Antonio Blanco","2000-07-23","D. Alavés","yes","https://sorare.com/football/players/antonio-blanco-conde","","Sorare GraphQL API","VERIFIED_API_IDENTITY","all mapped audit","ACCEPT",""
"bc2aea6b-fef6-422d-a957-08cf1078041c","Hugo Rincón","Athletic Club","hugo-rincon-lumbreras","hugo-rincon-lumbreras","no","yes","Hugo Rincón","2003-01-27","Athletic Club","yes","https://sorare.com/football/players/hugo-rincon-lumbreras","","Sorare GraphQL API","VERIFIED_API_IDENTITY","all mapped audit","ACCEPT",""
"46044efe-c78b-450b-97d8-d12c9adc92d1","Giuliano Simeone","Atlético de Madrid","giuliano-simeone","giuliano-simeone","no","yes","Giuliano Simeone","2002-12-18","Atlético de Madrid","yes","https://sorare.com/football/players/giuliano-simeone","","Sorare GraphQL API","VERIFIED_API_IDENTITY","all mapped audit","ACCEPT",""
"8a9f666e-70aa-4252-bf34-8b37cc64d5e7","Jon Aramburu","Real Sociedad","jon-mikel-aramburu-mejias","jon-mikel-aramburu-mejias","no","yes","Jon Aramburu","2002-07-23","Real Sociedad","yes","https://sorare.com/football/players/jon-mikel-aramburu-mejias","","Sorare GraphQL API","VERIFIED_API_IDENTITY","all mapped audit","ACCEPT",""
"87be4681-875f-49e8-a4fc-e9f1af7f3d83","Yago Santiago","Elche CF","yago-de-santiago-alonso","yago-de-santiago-alonso","no","yes","Yago Santiago","2003-04-15","Elche CF","yes","https://sorare.com/football/players/yago-de-santiago-alonso","","Sorare GraphQL API","VERIFIED_API_IDENTITY","all mapped audit","ACCEPT",""
"554606af-e998-49c2-b580-ca72d011a4ce","Grady Diangana","Elche CF","grady-diangana","grady-diangana","no","yes","Grady Diangana","1998-04-19","Elche CF","yes","https://sorare.com/football/players/grady-diangana","","Sorare GraphQL API","VERIFIED_API_IDENTITY","all mapped audit","ACCEPT",""
"aaa579ee-41c6-432e-8c78-841e501eab0d","Stole Dimitrievski","Valencia CF","stole-dimitrievski","stole-dimitrievski","no","yes","Stole Dimitrievski","1993-12-25","Valencia CF","yes","https://sorare.com/football/players/stole-dimitrievski","","Sorare GraphQL API","VERIFIED_API_IDENTITY","all mapped audit","ACCEPT",""
"a459c85d-a290-43ee-a20d-eb5649fc64e6","Edu Expósito","RCD Espanyol","eduardo-exposito-jaen","eduardo-exposito-jaen","no","yes","Edu Expósito","1996-08-01","RCD Espanyol de Barcelona","yes","https://sorare.com/football/players/eduardo-exposito-jaen","","Sorare GraphQL API","VERIFIED_API_IDENTITY","all mapped audit","ACCEPT",""
"2837a89a-7d34-4383-8ff7-986f3ca846bb","Pablo Barrios Rivas","Atlético de Madrid","pablo-barrios-rivas","pablo-barrios-rivas","no","yes","Pablo Barrios","2003-06-15","Atlético de Madrid","yes","https://sorare.com/football/players/pablo-barrios-rivas","","Sorare GraphQL API","VERIFIED_API_IDENTITY","all mapped audit","ACCEPT",""
"d39560b4-0a44-48ce-b069-4b31c8fd8b28","Gerard Martín","FC Barcelona","gerard-martin-langreo","gerard-martin-langreo","no","yes","Gerard Martín","2002-02-26","FC Barcelona","yes","https://sorare.com/football/players/gerard-martin-langreo","","Sorare GraphQL API","VERIFIED_API_IDENTITY","all mapped audit","ACCEPT",""
"7f027836-1ec2-4d6a-867b-4fc74063f84c","Matía Barzic","Elche CF","matia-barzic-gutierrez","matia-barzic-gutierrez","no","yes","Matia Barzić","2004-05-31","Elche CF","yes","https://sorare.com/football/players/matia-barzic-gutierrez","","Sorare GraphQL API","VERIFIED_API_IDENTITY","all mapped audit","ACCEPT",""
"23797098-ad6c-41a2-8104-ecb30e175a54","Antonio Rüdiger","Real Madrid","antonio-rudiger","antonio-rudiger","no","yes","Antonio Rüdiger","1993-03-03","Real Madrid","yes","https://sorare.com/football/players/antonio-rudiger","","Sorare GraphQL API","VERIFIED_API_IDENTITY","all mapped audit","ACCEPT",""
"a2a3965e-6cf7-4c06-9683-e1df2a4c44fc","Ferland Mendy","Real Madrid","ferland-mendy","ferland-mendy","no","yes","Ferland Mendy","1995-06-08","Real Madrid","yes","https://sorare.com/football/players/ferland-mendy","","Sorare GraphQL API","VERIFIED_API_IDENTITY","all mapped audit","ACCEPT",""
"482f840d-bcc5-42fa-b805-595382b677d3","Jude Bellingham","Real Madrid","jude-bellingham","jude-bellingham","no","yes","Jude Bellingham","2003-06-29","Real Madrid","yes","https://sorare.com/football/players/jude-bellingham","","Sorare GraphQL API","VERIFIED_API_IDENTITY","all mapped audit","ACCEPT",""
"04f2b698-67c8-40a5-b6da-559893cadaab","Angeliño","Deportivo de La Coruña","jose-angel-esmoris-tasende","jose-angel-esmoris-tasende","no","yes","Angeliño","1997-01-04","Real Club Deportivo de La Coruña","yes","https://sorare.com/football/players/jose-angel-esmoris-tasende","","Sorare GraphQL API","VERIFIED_API_IDENTITY","all mapped audit","ACCEPT",""
"503570ec-1a3b-47c6-95c5-07715fab92ef","Bambo Diaby","Elche CF","bambo-diaby","bambo-diaby","no","yes","Bambo Diaby","1997-12-17","Elche CF","yes","https://sorare.com/football/players/bambo-diaby","","Sorare GraphQL API","VERIFIED_API_IDENTITY","all mapped audit","ACCEPT",""
"d8017db3-cf96-4735-84ac-cd904712cedd","Facundo Buonanotte","Elche CF","facundo-valentin-buonanotte","facundo-valentin-buonanotte","no","yes","Facundo Buonanotte","2004-12-23","Elche CF","yes","https://sorare.com/football/players/facundo-valentin-buonanotte","","Sorare GraphQL API","VERIFIED_API_IDENTITY","all mapped audit","ACCEPT",""
"bcbb3d99-cf40-4d77-b2fd-7ba4e08f48da","Abiel Osorio","Elche CF","abiel-osorio","abiel-osorio","no","yes","Abiel Osorio","2002-06-13","Elche CF","yes","https://sorare.com/football/players/abiel-osorio","","Sorare GraphQL API","VERIFIED_API_IDENTITY","all mapped audit","ACCEPT",""
"9a15508e-6f59-4887-902e-f94ecea9a044","Ezequiel Ponce","Elche CF","ezequiel-ponce-martinez","ezequiel-ponce-martinez","no","yes","Ezequiel Ponce","1997-03-29","Elche CF","yes","https://sorare.com/football/players/ezequiel-ponce-martinez","","Sorare GraphQL API","VERIFIED_API_IDENTITY","all mapped audit","ACCEPT",""
"07c9bd64-566c-4a9f-a448-6861a3eeb5a6","Ángel Fortuño","RCD Espanyol","angel-fortuno-vinas","angel-fortuno-vinas","no","yes","Ángel Fortuño","2001-10-05","RCD Espanyol de Barcelona","yes","https://sorare.com/football/players/angel-fortuno-vinas","","Sorare GraphQL API","VERIFIED_API_IDENTITY","all mapped audit","ACCEPT",""
"a44bc585-5859-4214-a966-bf3f4e7304e9","Rubén Sánchez Sáez","RCD Espanyol","ruben-sanchez-saez","ruben-sanchez-saez","no","yes","Rubén Sánchez","2001-02-04","RCD Espanyol de Barcelona","yes","https://sorare.com/football/players/ruben-sanchez-saez","","Sorare GraphQL API","VERIFIED_API_IDENTITY","all mapped audit","ACCEPT",""
"1d427947-a065-49e3-8150-ae7cdb589f47","Pablo Fornals","Real Betis","pablo-fornals-malla","pablo-fornals-malla","no","yes","Pablo Fornals","1996-02-22","Real Betis","yes","https://sorare.com/football/players/pablo-fornals-malla","","Sorare GraphQL API","VERIFIED_API_IDENTITY","all mapped audit","ACCEPT",""
"f41ffa9a-24e6-436f-8b64-becc8bf40bbf","Marc Roca","Real Betis","marc-roca-junque","marc-roca-junque","no","yes","Marc Roca","1996-11-26","Real Betis","yes","https://sorare.com/football/players/marc-roca-junque","","Sorare GraphQL API","VERIFIED_API_IDENTITY","all mapped audit","ACCEPT",""
"f5bed82b-d120-4aa1-b4e8-3951ffc9d6f2","Facundo Bernal","Real Betis","facundo-bernal-cruz","facundo-bernal-cruz","no","yes","Facundo Bernal","2003-08-21","Real Betis","yes","https://sorare.com/football/players/facundo-bernal-cruz","","Sorare GraphQL API","VERIFIED_API_IDENTITY","all mapped audit","ACCEPT",""
"d5bf2970-b1cb-4bf4-9a12-983363f3a395","Fran García","Real Betis","francisco-jose-garcia-torres","francisco-jose-garcia-torres","no","yes","Fran García","1999-08-14","Real Betis","yes","https://sorare.com/football/players/francisco-jose-garcia-torres","","Sorare GraphQL API","VERIFIED_API_IDENTITY","all mapped audit","ACCEPT",""
"6f15a767-deb1-4ab1-9294-b3661cb39230","Unai Egiluz","Athletic Club","unai-eguiluz-arroyo","unai-eguiluz-arroyo","no","yes","Unai Eguíluz","2002-03-19","Athletic Club","yes","https://sorare.com/football/players/unai-eguiluz-arroyo","","Sorare GraphQL API","VERIFIED_API_IDENTITY","all mapped audit","ACCEPT",""
"9c16d9df-e2d4-49dd-9149-d0b9d6f41368","Quilindschy Hartman","RCD Espanyol","quilindschy-hartman","quilindschy-hartman","no","yes","Quilindschy Hartman","2001-11-14","RCD Espanyol de Barcelona","yes","https://sorare.com/football/players/quilindschy-hartman","","Sorare GraphQL API","VERIFIED_API_IDENTITY","all mapped audit","ACCEPT",""
"c0addef7-73fb-4c52-bf8f-2487ce493f10","Thiago Pitarch","Real Madrid","thiago-pitarch-pinar","thiago-pitarch-pinar","no","yes","Thiago Pitarch","2007-08-03","Real Madrid","yes","https://sorare.com/football/players/thiago-pitarch-pinar","","Sorare GraphQL API","VERIFIED_API_IDENTITY","all mapped audit","ACCEPT",""
"da4e0da5-9c48-4e6e-ae68-240cec88e378","Matías Vecino","Celta de Vigo","matias-vecino-falero","matias-vecino-falero","no","yes","Matías Vecino","1991-08-24","RC Celta","yes","https://sorare.com/football/players/matias-vecino-falero","","Sorare GraphQL API","VERIFIED_API_IDENTITY","all mapped audit","ACCEPT",""
"a099b8a6-fdfe-40dc-9d60-f17fac9206ac","Vanja Drkušić","RCD Espanyol","vanja-drkusic","vanja-drkusic","no","yes","Vanja Drkušić","1999-10-30","RCD Espanyol de Barcelona","yes","https://sorare.com/football/players/vanja-drkusic","","Sorare GraphQL API","VERIFIED_API_IDENTITY","all mapped audit","ACCEPT",""
"a525bf0b-025c-4649-b9d3-9f00f4879743","Pablo Durán","Celta de Vigo","pablo-duran-fernandez","pablo-duran-fernandez","no","yes","Pablo Durán","2001-05-25","RC Celta","yes","https://sorare.com/football/players/pablo-duran-fernandez","","Sorare GraphQL API","VERIFIED_API_IDENTITY","all mapped audit","ACCEPT",""
"9f1c537f-ddc3-4dfc-bd0a-151c45d09527","Facundo Garcés","Deportivo Alavés","facundo-tomas-garces","facundo-tomas-garces","no","yes","Facundo Garcés","1999-09-05","D. Alavés","yes","https://sorare.com/football/players/facundo-tomas-garces","","Sorare GraphQL API","VERIFIED_API_IDENTITY","all mapped audit","ACCEPT",""
"70e7699c-e075-4af2-9acc-676b87a38cdb","Jon Gorrotxategi","Real Sociedad","jon-gorrotxategi-etxaniz","jon-gorrotxategi-etxaniz","no","yes","Jon Gorrotxategi","2002-09-02","Real Sociedad","yes","https://sorare.com/football/players/jon-gorrotxategi-etxaniz","","Sorare GraphQL API","VERIFIED_API_IDENTITY","all mapped audit","ACCEPT",""
"bec946e4-a9fc-4d1c-957a-8957c5f14501","Dani Vivian","Athletic Club","daniel-vivian-moreno","daniel-vivian-moreno","no","yes","Dani Vivian","1999-07-05","Athletic Club","yes","https://sorare.com/football/players/daniel-vivian-moreno","","Sorare GraphQL API","VERIFIED_API_IDENTITY","all mapped audit","ACCEPT",""
"5fa83c9c-d37f-45b3-96e9-cf408c8f3019","Luismi Cruz","Deportivo de La Coruña","luis-miguel-cruz-hernandez","luis-miguel-cruz-hernandez","no","yes","Luismi Cruz","2001-05-23","Real Club Deportivo de La Coruña","yes","https://sorare.com/football/players/luis-miguel-cruz-hernandez","","Sorare GraphQL API","VERIFIED_API_IDENTITY","all mapped audit","ACCEPT",""
"13496afa-7bc9-4e44-b4e0-a1dd094ee89b","Frenkie de Jong","FC Barcelona","frenkie-de-jong","frenkie-de-jong","no","yes","Frenkie de Jong","1997-05-12","FC Barcelona","yes","https://sorare.com/football/players/frenkie-de-jong","","Sorare GraphQL API","VERIFIED_API_IDENTITY","all mapped audit","ACCEPT",""
"f0d2fc5a-2c3e-4d1f-915e-17852475aab2","Carlos Soler","Real Sociedad","carlos-soler-barragan","carlos-soler-barragan","no","yes","Carlos Soler","1997-01-02","Real Sociedad","yes","https://sorare.com/football/players/carlos-soler-barragan","","Sorare GraphQL API","VERIFIED_API_IDENTITY","all mapped audit","ACCEPT",""
"c87e652d-215c-411a-8961-af5e4512be3f","Jon Pacheco","Real Sociedad","jon-pacheco-dozagarat","jon-pacheco-dozagarat","no","yes","Jon Pacheco","2001-01-08","Real Sociedad","yes","https://sorare.com/football/players/jon-pacheco-dozagarat","","Sorare GraphQL API","VERIFIED_API_IDENTITY","all mapped audit","ACCEPT",""
"c2275633-341f-414d-b1ed-aa6862889a7e","Yangel Herrera","Real Sociedad","yangel-clemente-herrera-ravelo","yangel-clemente-herrera-ravelo","no","yes","Yangel Herrera","1998-01-07","Real Sociedad","yes","https://sorare.com/football/players/yangel-clemente-herrera-ravelo","","Sorare GraphQL API","VERIFIED_API_IDENTITY","all mapped audit","ACCEPT",""
"3393272a-2bfd-4d2b-af2d-e6445b5506db","Pablo Marín","Real Sociedad","pablo-marin-tejada","pablo-marin-tejada","no","yes","Pablo Marín","2003-07-03","Real Sociedad","yes","https://sorare.com/football/players/pablo-marin-tejada","","Sorare GraphQL API","VERIFIED_API_IDENTITY","all mapped audit","ACCEPT",""
"b6c79dd3-47ec-4d01-8ab3-dfefed238743","Jon Martín","Real Sociedad","jon-martin-vicente","jon-martin-vicente","no","yes","Jon Martín","2006-04-23","Real Sociedad","yes","https://sorare.com/football/players/jon-martin-vicente","","Sorare GraphQL API","VERIFIED_API_IDENTITY","all mapped audit","ACCEPT",""
"382d8f97-d705-445c-a4b8-2b57a7ebaaa2","Mikel Goti","Real Sociedad","mikel-goti-lopez","mikel-goti-lopez","no","yes","Mikel Goti","2002-05-23","Real Sociedad","yes","https://sorare.com/football/players/mikel-goti-lopez","","Sorare GraphQL API","VERIFIED_API_IDENTITY","all mapped audit","ACCEPT",""
"a392e540-82a5-4d1f-8b76-e05d75975f4d","Gonçalo Guedes","Real Sociedad","goncalo-manuel-ganchinho-guedes","goncalo-manuel-ganchinho-guedes","no","yes","Gonçalo Guedes","1996-11-29","Real Sociedad","yes","https://sorare.com/football/players/goncalo-manuel-ganchinho-guedes","","Sorare GraphQL API","VERIFIED_API_IDENTITY","all mapped audit","ACCEPT",""
"65cbe750-8658-4381-93ab-51fd8e7760e5","Manu Sánchez","Levante UD","manuel-sanchez-de-la-pena","manuel-sanchez-de-la-pena","no","yes","Manu Sánchez","2000-08-24","Levante UD","yes","https://sorare.com/football/players/manuel-sanchez-de-la-pena","","Sorare GraphQL API","VERIFIED_API_IDENTITY","all mapped audit","ACCEPT",""
"5c39a9de-6f83-45b8-adae-ad01bac0de92","Moi Gómez","CA Osasuna","moises-gomez-bordonado","moises-gomez-bordonado","no","yes","Moi Gómez","1994-06-23","CA Osasuna","yes","https://sorare.com/football/players/moises-gomez-bordonado","","Sorare GraphQL API","VERIFIED_API_IDENTITY","all mapped audit","ACCEPT",""
"54509ea3-e6fa-4529-9fe8-da691d6af19e","Rafel Bauzà","RCD Espanyol","rafel-bauza-sureda","rafel-bauza-sureda","no","yes","Rafel Bauzà","2005-01-30","RCD Espanyol de Barcelona","yes","https://sorare.com/football/players/rafel-bauza-sureda","","Sorare GraphQL API","VERIFIED_API_IDENTITY","all mapped audit","ACCEPT",""
"b2606474-0756-40f3-bfe0-eb962c0d1859","Jofre Carreras Pagès","RCD Espanyol","jofre-carreras-pages","jofre-carreras-pages","no","yes","Jofre Carreras","2001-06-17","RCD Espanyol de Barcelona","yes","https://sorare.com/football/players/jofre-carreras-pages","","Sorare GraphQL API","VERIFIED_API_IDENTITY","all mapped audit","ACCEPT",""
"d1143331-eb5f-4a46-b10e-e5845f470110","Marcos Fernández Sánchez","RCD Espanyol","marcos-fernandez-sanchez","marcos-fernandez-sanchez","no","yes","Marcos Fernández","2003-05-17","RCD Espanyol de Barcelona","yes","https://sorare.com/football/players/marcos-fernandez-sanchez","","Sorare GraphQL API","VERIFIED_API_IDENTITY","all mapped audit","ACCEPT",""
"305a2e9b-e4d8-441f-a284-87a12ea1c226","Roberto Fernández Jaén","RCD Espanyol","roberto-fernandez-jaen","roberto-fernandez-jaen","no","yes","Roberto Fernández","2002-07-03","RCD Espanyol de Barcelona","yes","https://sorare.com/football/players/roberto-fernandez-jaen","","Sorare GraphQL API","VERIFIED_API_IDENTITY","all mapped audit","ACCEPT",""
"97d93565-abc1-4e6c-9405-939b7a100182","Pol Lozano","RCD Espanyol","pol-lozano-vizuete","pol-lozano-vizuete","no","yes","Pol Lozano","1999-10-06","RCD Espanyol de Barcelona","yes","https://sorare.com/football/players/pol-lozano-vizuete","","Sorare GraphQL API","VERIFIED_API_IDENTITY","all mapped audit","ACCEPT",""
"5a48c41a-10ea-41ca-968f-39c5d35d0853","Mathew Ryan","Levante UD","mathew-ryan","mathew-ryan","no","yes","Mathew Ryan","1992-04-08","Levante UD","yes","https://sorare.com/football/players/mathew-ryan","","Sorare GraphQL API","VERIFIED_API_IDENTITY","all mapped audit","ACCEPT",""
"0ddc6231-1d58-4789-b796-52b8c99565cc","Aïssa Mandi","Levante UD","aissa-mandi","aissa-mandi","no","yes","Aïssa Mandi","1991-10-22","Levante UD","yes","https://sorare.com/football/players/aissa-mandi","","Sorare GraphQL API","VERIFIED_API_IDENTITY","all mapped audit","ACCEPT",""
"064f59ac-835a-48eb-ada8-003fd11dcd21","Dela","Levante UD","adrian-de-la-fuente","adrian-de-la-fuente","no","yes","Dela","1999-02-26","Levante UD","yes","https://sorare.com/football/players/adrian-de-la-fuente","","Sorare GraphQL API","VERIFIED_API_IDENTITY","all mapped audit","ACCEPT",""
"813862ab-3762-4b0e-a59a-971443dc02b2","Nacho Pérez","Levante UD","nacho-perez-gomez","nacho-perez-gomez","no","yes","Nacho Pérez","2008-09-01","Levante UD","yes","https://sorare.com/football/players/nacho-perez-gomez","","Sorare GraphQL API","VERIFIED_API_IDENTITY","all mapped audit","ACCEPT",""
"e2fec00c-b0ff-4391-95c1-dbf16f6b6f32","Pere Milla","RCD Espanyol","pere-milla-pena","pere-milla-pena","no","yes","Pere Milla","1992-09-23","RCD Espanyol de Barcelona","yes","https://sorare.com/football/players/pere-milla-pena","","Sorare GraphQL API","VERIFIED_API_IDENTITY","all mapped audit","ACCEPT",""
"83300c41-914a-49a3-a93b-b4850c42589d","Gabriel Moscardo","RCD Espanyol","gabriel-silva-moscardo-de-salles","gabriel-silva-moscardo-de-salles","no","yes","Gabriel Moscardo","2005-09-28","RCD Espanyol de Barcelona","yes","https://sorare.com/football/players/gabriel-silva-moscardo-de-salles","","Sorare GraphQL API","VERIFIED_API_IDENTITY","all mapped audit","ACCEPT",""
"2bc1072b-b935-4595-a795-645002f85e3f","Jiří Letáček","Getafe CF","jiri-letacek","jiri-letacek","no","yes","Jiří Letáček","1999-01-09","Getafe CF","yes","https://sorare.com/football/players/jiri-letacek","","Sorare GraphQL API","VERIFIED_API_IDENTITY","all mapped audit","ACCEPT",""
"f21f3745-509d-4064-8061-25e5bf7d8661","Roger Hinojo","RCD Espanyol","roger-hinojo-estrada","roger-hinojo-estrada","no","yes","Roger Hinojo","2005-02-21","RCD Espanyol de Barcelona","yes","https://sorare.com/football/players/roger-hinojo-estrada","","Sorare GraphQL API","VERIFIED_API_IDENTITY","all mapped audit","ACCEPT",""
"7c7897e3-e02b-4eb3-9f9d-138c0ad40789","Sebastián Boselli","Getafe CF","juan-sebastian-boselli-graf","juan-sebastian-boselli-graf","no","yes","Sebastián Boselli","2003-12-04","Getafe CF","yes","https://sorare.com/football/players/juan-sebastian-boselli-graf","","Sorare GraphQL API","VERIFIED_API_IDENTITY","all mapped audit","ACCEPT",""
"e47c414a-010c-4cf4-87e4-b8fd0cb2a036","Omar El Hilali","RCD Espanyol","omar-el-hilali","omar-el-hilali","no","yes","Omar El Hilali","2003-09-12","RCD Espanyol de Barcelona","yes","https://sorare.com/football/players/omar-el-hilali","","Sorare GraphQL API","VERIFIED_API_IDENTITY","all mapped audit","ACCEPT",""
"06be9cca-42e8-4d54-ae94-a66a0df86e89","Djené Dakonam Ortega","Getafe CF","djene-dakonam-ortega","djene-dakonam-ortega","no","yes","Djené Dakonam","1991-12-31","Getafe CF","yes","https://sorare.com/football/players/djene-dakonam-ortega","","Sorare GraphQL API","VERIFIED_API_IDENTITY","all mapped audit","ACCEPT",""
"be9876ba-ff0b-4d5d-80f2-9505a18c2a44","Bil Nsongo","Deportivo de La Coruña","bil-dornol-nsongo-tonfack","bil-dornol-nsongo-tonfack","no","yes","Bil Nsongo","2004-09-21","Real Club Deportivo de La Coruña","yes","https://sorare.com/football/players/bil-dornol-nsongo-tonfack","","Sorare GraphQL API","VERIFIED_API_IDENTITY","all mapped audit","ACCEPT",""
"09bed29e-a7ad-4320-b7da-d94f899b5420","Saba Sazonov","Getafe CF","saba-sazonov","saba-sazonov","no","yes","Saba Sazonov","2002-02-01","Getafe CF","yes","https://sorare.com/football/players/saba-sazonov","","Sorare GraphQL API","VERIFIED_API_IDENTITY","all mapped audit","ACCEPT",""
"474f35b7-d4c9-4812-9587-927e0d823dcb","Leo Román","Deportivo de La Coruña","leonardo-roman-riquelme","leonardo-roman-riquelme","no","yes","Leo Román","2000-07-06","Real Club Deportivo de La Coruña","yes","https://sorare.com/football/players/leonardo-roman-riquelme","","Sorare GraphQL API","VERIFIED_API_IDENTITY","all mapped audit","ACCEPT",""
"0f13c27e-72f5-4f13-bf46-459254ba4211","Lucas Cepeda","Elche CF","lucas-antonio-cepeda-barturen","lucas-antonio-cepeda-barturen","no","yes","Lucas Cepeda","2002-10-31","Elche CF","yes","https://sorare.com/football/players/lucas-antonio-cepeda-barturen","","Sorare GraphQL API","VERIFIED_API_IDENTITY","all mapped audit","ACCEPT",""
"90ac14d9-104f-4e9a-9aa1-58e2ae4e7e5a","Robin Le Normand","Atlético de Madrid","robin-aime-robert-le-normand","robin-aime-robert-le-normand","no","yes","Robin Le Normand","1996-11-11","Atlético de Madrid","yes","https://sorare.com/football/players/robin-aime-robert-le-normand","","Sorare GraphQL API","VERIFIED_API_IDENTITY","all mapped audit","ACCEPT",""
"6ec9a0c5-bacd-4f98-81d7-0947d0b73fb6","Iván Balliu","Rayo Vallecano","ivan-balliu-campeny","ivan-balliu-campeny","no","yes","Iván Balliu","1992-01-01","Rayo Vallecano","yes","https://sorare.com/football/players/ivan-balliu-campeny","","Sorare GraphQL API","VERIFIED_API_IDENTITY","all mapped audit","ACCEPT",""
"b3328fae-76f4-4359-a050-44dfd06cfeba","Augusto Batalla","Rayo Vallecano","augusto-martin-batalla-barga","augusto-martin-batalla-barga","no","yes","Augusto Batalla","1996-04-30","Rayo Vallecano","yes","https://sorare.com/football/players/augusto-martin-batalla-barga","","Sorare GraphQL API","VERIFIED_API_IDENTITY","all mapped audit","ACCEPT",""
"9c79278d-18aa-4aae-a955-5bc7d527f453","Roony Bardghji","FC Barcelona","roony-bardghji","roony-bardghji","no","yes","Roony Bardghji","2005-11-15","FC Barcelona","yes","https://sorare.com/football/players/roony-bardghji","","Sorare GraphQL API","VERIFIED_API_IDENTITY","all mapped audit","ACCEPT",""
"c5596483-ef76-4d83-ba73-9ad3b681cc70","Christantus Uche","Getafe CF","christantus-ugonna-uche","christantus-ugonna-uche","no","yes","Christantus Uche","2003-05-19","Getafe CF","yes","https://sorare.com/football/players/christantus-ugonna-uche","","Sorare GraphQL API","VERIFIED_API_IDENTITY","all mapped audit","ACCEPT",""
"252d7d7f-0c66-41fd-8dc9-8e93d02a0651","Víctor García","Levante UD","victor-garcia-raja","victor-garcia-raja","no","yes","Víctor García","1997-09-16","Levante UD","yes","https://sorare.com/football/players/victor-garcia-raja","","Sorare GraphQL API","VERIFIED_API_IDENTITY","all mapped audit","ACCEPT",""
"ab91b83f-480f-4ee3-9eed-654825d0fcef","Arnau Ortiz","Atlético de Madrid","arnau-ortiz-sanchez","arnau-ortiz-sanchez","no","yes","Arnau Ortiz","2001-10-29","Atlético de Madrid","yes","https://sorare.com/football/players/arnau-ortiz-sanchez","","Sorare GraphQL API","VERIFIED_API_IDENTITY","all mapped audit","ACCEPT",""
"f21ff1c1-186c-4ea8-88e1-a3138bc65dbc","Unai Eguíluz","Athletic Club","unai-eguiluz-arroyo","unai-eguiluz-arroyo","no","yes","Unai Eguíluz","2002-03-19","Athletic Club","yes","https://sorare.com/football/players/unai-eguiluz-arroyo","","Sorare GraphQL API","VERIFIED_API_IDENTITY","all mapped audit","ACCEPT",""
"3eac8f73-cbce-4a95-b726-6c8a42898081","Kiko Femenía","Getafe CF","francisco-femenia-far","francisco-femenia-far","no","yes","Kiko Femenía","1991-02-02","Getafe CF","yes","https://sorare.com/football/players/francisco-femenia-far","","Sorare GraphQL API","VERIFIED_API_IDENTITY","all mapped audit","ACCEPT",""
"a37d4735-35ac-4a39-aec1-d9f61444c0d3","Yvan Neyou","Getafe CF","yvan-neyou-noupa","yvan-neyou-noupa","no","yes","Yvan Neyou","1997-01-03","Getafe CF","yes","https://sorare.com/football/players/yvan-neyou-noupa","","Sorare GraphQL API","VERIFIED_API_IDENTITY","all mapped audit","ACCEPT",""
"66db0fe1-e5ba-4264-aaa4-1edd0258ea76","Ramón Terrats Espacio","Getafe CF","ramon-terrats-espacio","ramon-terrats-espacio","no","yes","Ramon Terrats","2000-10-18","Getafe CF","yes","https://sorare.com/football/players/ramon-terrats-espacio","","Sorare GraphQL API","VERIFIED_API_IDENTITY","all mapped audit","ACCEPT",""
"80fd95e5-9c16-4d08-98cd-e926b5c46ef1","Mario Martín Rielves","Getafe CF","mario-martin-rielves","mario-martin-rielves","no","yes","Mario Martín","2004-03-05","Getafe CF","yes","https://sorare.com/football/players/mario-martin-rielves","","Sorare GraphQL API","VERIFIED_API_IDENTITY","all mapped audit","ACCEPT",""
"0cd5e9e1-fd7f-4964-b2b5-2e0f90b14ce1","Alberto Risco Alcántara","Getafe CF","alberto-risco","alberto-risco","no","yes","Alberto Risco","2005-08-30","Getafe CF","yes","https://sorare.com/football/players/alberto-risco","","Sorare GraphQL API","VERIFIED_API_IDENTITY","all mapped audit","ACCEPT",""
"bfe21c47-8e26-4f42-abcc-24a58f12e7e5","Borja Mayoral","Getafe CF","borja-mayoral-moya","borja-mayoral-moya","no","yes","Borja Mayoral","1997-04-05","Getafe CF","yes","https://sorare.com/football/players/borja-mayoral-moya","","Sorare GraphQL API","VERIFIED_API_IDENTITY","all mapped audit","ACCEPT",""
"e8f8845a-6207-4101-a58b-204b44b0521f","Chupe","Málaga CF","carlos-ruiz-rubio","carlos-ruiz-rubio","no","yes","Chupe","2004-08-24","Málaga CF","yes","https://sorare.com/football/players/carlos-ruiz-rubio","","Sorare GraphQL API","VERIFIED_API_IDENTITY","all mapped audit","ACCEPT",""
"4aacafb2-c4b4-4f84-9c18-9a7459b43a10","Álex Sancris","Getafe CF","alejandro-san-cristobal-sanchez","alejandro-san-cristobal-sanchez","no","yes","Álex Sancris","1997-01-18","Getafe CF","yes","https://sorare.com/football/players/alejandro-san-cristobal-sanchez","","Sorare GraphQL API","VERIFIED_API_IDENTITY","all mapped audit","ACCEPT",""
"2b70fb15-bd1b-4ca8-bc66-d6c78e598b30","Juan Berrocal González","Getafe CF","juan-berrocal-gonzalez","juan-berrocal-gonzalez","no","yes","Juan Berrocal","1999-02-05","Getafe CF","yes","https://sorare.com/football/players/juan-berrocal-gonzalez","","Sorare GraphQL API","VERIFIED_API_IDENTITY","all mapped audit","ACCEPT",""
"b538f1d7-0058-4ae3-a93d-c05c745efda3","Javi Muñoz Jiménez","Getafe CF","javier-munoz-jimenez","javier-munoz-jimenez","no","yes","Javi Muñoz","1995-02-28","Getafe CF","yes","https://sorare.com/football/players/javier-munoz-jimenez","","Sorare GraphQL API","VERIFIED_API_IDENTITY","all mapped audit","ACCEPT",""
"4d110094-84d7-48ec-bc2b-b587b8f41faa","Fede Redondo","Elche CF","federico-redondo-solari","federico-redondo-solari","no","yes","Federico Redondo","2003-01-18","Elche CF","yes","https://sorare.com/football/players/federico-redondo-solari","","Sorare GraphQL API","VERIFIED_API_IDENTITY","all mapped audit","ACCEPT",""
"0e52deab-8da7-4999-bfa8-ce88e4bf194b","Rafa Rodríguez","Málaga CF","rafael-rodriguez-ruiz","rafael-rodriguez-ruiz","no","yes","Rafa Rodríguez","2003-07-10","Málaga CF","yes","https://sorare.com/football/players/rafael-rodriguez-ruiz","","Sorare GraphQL API","VERIFIED_API_IDENTITY","all mapped audit","ACCEPT",""
"0d0ccece-b96b-4524-bc8c-4a5e7c594161","Zaid Romero","Getafe CF","zaid-abner-romero","zaid-abner-romero","no","yes","Zaid Romero","1999-12-15","Getafe CF","yes","https://sorare.com/football/players/zaid-abner-romero","","Sorare GraphQL API","VERIFIED_API_IDENTITY","all mapped audit","ACCEPT",""
"b51ce081-5a08-42e4-8cf5-5baaac83ba6b","Andrés García Robledo","Getafe CF","andres-garcia-robledo","andres-garcia-robledo","no","yes","Andrés García","2003-02-07","Getafe CF","yes","https://sorare.com/football/players/andres-garcia-robledo","","Sorare GraphQL API","VERIFIED_API_IDENTITY","all mapped audit","ACCEPT",""
"95e136c7-ab12-4d57-865d-14907ae392c0","David Affengruber","Elche CF","david-affengruber-2001-03-19","david-affengruber-2001-03-19","no","yes","David Affengruber","2001-03-19","Elche CF","yes","https://sorare.com/football/players/david-affengruber-2001-03-19","","Sorare GraphQL API","VERIFIED_API_IDENTITY","all mapped audit","ACCEPT",""
"2d620b52-4bb9-4957-ae8e-9e1477765965","Pierre-Emerick Aubameyang","Deportivo de La Coruña","pierre-emerick-aubameyang","pierre-emerick-aubameyang","no","yes","Pierre-Emerick Aubameyang","1989-06-18","Real Club Deportivo de La Coruña","yes","https://sorare.com/football/players/pierre-emerick-aubameyang","","Sorare GraphQL API","VERIFIED_API_IDENTITY","all mapped audit","ACCEPT",""
"9fc96a7e-4020-446a-9faf-e1e1a5689e46","Mario Soriano Carreño","Deportivo de La Coruña","mario-soriano-carreno","mario-soriano-carreno","no","yes","Mario Soriano","2002-04-22","Real Club Deportivo de La Coruña","yes","https://sorare.com/football/players/mario-soriano-carreno","","Sorare GraphQL API","VERIFIED_API_IDENTITY","all mapped audit","ACCEPT",""
"1421fc02-9f9b-4b62-84e6-f456468b0b86","Giacomo Quagliata","Deportivo de La Coruña","giacomo-quagliata","giacomo-quagliata","no","yes","Giacomo Quagliata","2000-02-19","Real Club Deportivo de La Coruña","yes","https://sorare.com/football/players/giacomo-quagliata","","Sorare GraphQL API","VERIFIED_API_IDENTITY","all mapped audit","ACCEPT",""
"a36d2c29-a8bf-45ef-a3a7-3c0054403e53","Raphinha","FC Barcelona","raphael-dias-belloli","raphael-dias-belloli","no","yes","Raphinha","1996-12-14","FC Barcelona","yes","https://sorare.com/football/players/raphael-dias-belloli","","Sorare GraphQL API","VERIFIED_API_IDENTITY","all mapped audit","ACCEPT",""
"f894269c-2975-4348-a718-081fdd13cbaa","Thiago Fernández","Levante UD","thiago-cruz-fernandez","thiago-cruz-fernandez","no","yes","Thiago Fernández","2004-04-03","Levante UD","yes","https://sorare.com/football/players/thiago-cruz-fernandez","","Sorare GraphQL API","VERIFIED_API_IDENTITY","all mapped audit","ACCEPT",""
"1e50befa-f075-4d65-8a20-ffa16756df67","Aitor Mañas","Deportivo Alavés","aitor-manas-buenadicha","aitor-manas-buenadicha","no","yes","Aitor Mañas","2003-01-05","D. Alavés","yes","https://sorare.com/football/players/aitor-manas-buenadicha","","Sorare GraphQL API","VERIFIED_API_IDENTITY","all mapped audit","ACCEPT",""
"c144cef1-0ea9-4b93-907e-cf2036685c9c","Santi Comesaña","Villarreal CF","santiago-comesana-veiga","santiago-comesana-veiga","no","yes","Santi Comesaña","1996-10-05","Villarreal CF","yes","https://sorare.com/football/players/santiago-comesana-veiga","","Sorare GraphQL API","VERIFIED_API_IDENTITY","all mapped audit","ACCEPT",""
"3c0169f4-142b-4767-a7f9-05082c433058","Carlos López Nogueras","Málaga CF","carlos-lopez-nogueras","carlos-lopez-nogueras","no","yes","Carlos López","2004-11-13","Málaga CF","yes","https://sorare.com/football/players/carlos-lopez-nogueras","","Sorare GraphQL API","VERIFIED_API_IDENTITY","all mapped audit","ACCEPT",""
"231bd34e-841b-4cfc-8185-21e7365ab5ce","Diego Murillo Domínguez","Málaga CF","diego-murillo-dominguez","diego-murillo-dominguez","no","yes","Diego Murillo","2001-03-14","Málaga CF","yes","https://sorare.com/football/players/diego-murillo-dominguez","","Sorare GraphQL API","VERIFIED_API_IDENTITY","all mapped audit","ACCEPT",""
"be4a1294-df1d-46a9-83e8-b62d4dc94648","Álex Pastor Carayol","Málaga CF","alex-pastor-carayol","alex-pastor-carayol","no","yes","Álex Pastor","1999-10-01","Málaga CF","yes","https://sorare.com/football/players/alex-pastor-carayol","","Sorare GraphQL API","VERIFIED_API_IDENTITY","all mapped audit","ACCEPT",""
"8c18800f-a269-4d49-bbf7-bd1979adc4fd","Unai Núñez","RCD Espanyol","unai-nunez-gestoso","unai-nunez-gestoso","no","yes","Unai Núñez","1997-01-30","RCD Espanyol de Barcelona","yes","https://sorare.com/football/players/unai-nunez-gestoso","","Sorare GraphQL API","VERIFIED_API_IDENTITY","all mapped audit","ACCEPT",""
"6877914e-b417-4eee-b595-0bf96fe59ae1","Tai Abed","Levante UD","tai-abed","tai-abed","no","yes","Tai Abed","2004-08-03","Levante UD","yes","https://sorare.com/football/players/tai-abed","","Sorare GraphQL API","VERIFIED_API_IDENTITY","all mapped audit","ACCEPT",""
"aa7e3c69-0d2e-4a8b-83fe-00926f92f020","Marko Dmitrović","RCD Espanyol","marko-dmitrovic","marko-dmitrovic","no","yes","Marko Dmitrović","1992-01-24","RCD Espanyol de Barcelona","yes","https://sorare.com/football/players/marko-dmitrovic","","Sorare GraphQL API","VERIFIED_API_IDENTITY","all mapped audit","ACCEPT",""
"8e4f9820-3fcc-4102-9bf5-a3f216254de4","Yanis Musuayi","Levante UD","yanis-kasonga-musuayi","yanis-kasonga-musuayi","no","yes","Yanis Musuayi","2007-06-26","Levante UD","yes","https://sorare.com/football/players/yanis-kasonga-musuayi","","Sorare GraphQL API","VERIFIED_API_IDENTITY","all mapped audit","ACCEPT",""
"1efadf8f-3e96-4f14-bbbc-398fd91eacb5","Cucho Hernández","Real Betis","juan-camilo-hernandez-suarez","juan-camilo-hernandez-suarez","no","yes","Cucho Hernández","1999-04-20","Real Betis","yes","https://sorare.com/football/players/juan-camilo-hernandez-suarez","","Sorare GraphQL API","VERIFIED_API_IDENTITY","all mapped audit","ACCEPT",""
"528e22ea-0a4d-49e5-ad4a-dca086bfc8da","Kylian Mbappé","Real Madrid","kylian-mbappe-lottin","kylian-mbappe-lottin","no","yes","Kylian Mbappé","1998-12-20","Real Madrid","yes","https://sorare.com/football/players/kylian-mbappe-lottin","","Sorare GraphQL API","VERIFIED_API_IDENTITY","all mapped audit","ACCEPT",""
"22a3d5a6-6713-4549-90e0-16b8dbb264e1","Bernardo Silva","Real Madrid","bernardo-mota-veiga-de-carvalho-e-silva","bernardo-mota-veiga-de-carvalho-e-silva","no","yes","Bernardo Silva","1994-08-10","Real Madrid","yes","https://sorare.com/football/players/bernardo-mota-veiga-de-carvalho-e-silva","","Sorare GraphQL API","VERIFIED_API_IDENTITY","all mapped audit","ACCEPT",""
"7edf0750-c7ab-452d-bdf1-e23cc6fc3210","Hugo González Sotos","Celta de Vigo","hugo-gonzalez-sotos","hugo-gonzalez-sotos","no","yes","Hugo González","2003-02-07","RC Celta","yes","https://sorare.com/football/players/hugo-gonzalez-sotos","","Sorare GraphQL API","VERIFIED_API_IDENTITY","all mapped audit","ACCEPT",""
"9ae66a50-c855-4eac-bdc0-3e1d45f8b856","Maroan Sannadi","Athletic Club","maroan-sannadi-harrouch","maroan-sannadi-harrouch","no","yes","Maroan Sannadi","2001-02-01","Athletic Club","yes","https://sorare.com/football/players/maroan-sannadi-harrouch","","Sorare GraphQL API","VERIFIED_API_IDENTITY","all mapped audit","ACCEPT",""
"c9e2d658-fa70-4d58-8e43-924089e92154","Enzo Bardeli","Levante UD","enzo-bardeli","enzo-bardeli","no","yes","Enzo Bardeli","2001-04-11","Levante UD","yes","https://sorare.com/football/players/enzo-bardeli","","Sorare GraphQL API","VERIFIED_API_IDENTITY","all mapped audit","ACCEPT",""
"b8713f2f-a442-4a58-b946-fa76db3563c9","Hugo Sotelo","Levante UD","hugo-sotelo","hugo-sotelo","no","yes","Hugo Sotelo","2003-12-19","Levante UD","yes","https://sorare.com/football/players/hugo-sotelo","","Sorare GraphQL API","VERIFIED_API_IDENTITY","all mapped audit","ACCEPT",""
"41e1bf18-56a3-4932-b5ac-284238f7763d","Sergio Carreira","Celta de Vigo","sergio-carreira-vilarino","sergio-carreira-vilarino","no","yes","Sergio Carreira","2000-10-13","RC Celta","yes","https://sorare.com/football/players/sergio-carreira-vilarino","","Sorare GraphQL API","VERIFIED_API_IDENTITY","all mapped audit","ACCEPT",""
"46339e62-2b45-4972-a437-3a79c1b74831","Marc Cucurella","Real Madrid","marc-cucurella-saseta","marc-cucurella-saseta","no","yes","Marc Cucurella","1998-07-22","Real Madrid","yes","https://sorare.com/football/players/marc-cucurella-saseta","","Sorare GraphQL API","VERIFIED_API_IDENTITY","all mapped audit","ACCEPT",""
"1977fb38-dc65-4762-bd1c-735c7f750734","Jan Oblak","Atlético de Madrid","jan-oblak","jan-oblak","no","yes","Jan Oblak","1993-01-07","Atlético de Madrid","yes","https://sorare.com/football/players/jan-oblak","","Sorare GraphQL API","VERIFIED_API_IDENTITY","all mapped audit","ACCEPT",""
"db2e7758-0336-44a4-9d36-239522822685","Raúl Moro","CA Osasuna","raul-moro-prescoli","raul-moro-prescoli","no","yes","Raúl Moro","2002-12-05","CA Osasuna","yes","https://sorare.com/football/players/raul-moro-prescoli","","Sorare GraphQL API","VERIFIED_API_IDENTITY","all mapped audit","ACCEPT",""
"713664c3-025b-4941-a12a-b13df5e587e4","David Larrubia Romano","Málaga CF","david-larrubia-romano","david-larrubia-romano","no","yes","David Larrubia","2002-04-20","Málaga CF","yes","https://sorare.com/football/players/david-larrubia-romano","","Sorare GraphQL API","VERIFIED_API_IDENTITY","all mapped audit","ACCEPT",""
"3b96ad98-f377-4ae9-9e98-7c6738197ed8","Haitam Abaida","Málaga CF","haitam-abaida-el-achhab","haitam-abaida-el-achhab","no","yes","Haitam Abaida","2002-06-01","Málaga CF","yes","https://sorare.com/football/players/haitam-abaida-el-achhab","","Sorare GraphQL API","VERIFIED_API_IDENTITY","all mapped audit","ACCEPT",""
"f8daa8cd-eb2a-4cbf-92cf-3ce404abb7a7","Julen Lobete","Málaga CF","julen-lobete-cienfuegos","julen-lobete-cienfuegos","no","yes","Julen Lobete","2000-09-18","Málaga CF","yes","https://sorare.com/football/players/julen-lobete-cienfuegos","","Sorare GraphQL API","VERIFIED_API_IDENTITY","all mapped audit","ACCEPT",""
"a93cd41f-eade-48e2-b005-7c139bab479f","Rockson Yeboah","CA Osasuna","rockson-yeboah","rockson-yeboah","no","yes","Rockson Yeboah","2004-08-02","CA Osasuna","yes","https://sorare.com/football/players/rockson-yeboah","","Sorare GraphQL API","VERIFIED_API_IDENTITY","all mapped audit","ACCEPT",""
"11b8c696-7351-4e08-b394-40bff3ef237b","Asier Osambela","CA Osasuna","asier-osambela-larraya","asier-osambela-larraya","no","yes","Asier Osambela","2004-10-30","CA Osasuna","yes","https://sorare.com/football/players/asier-osambela-larraya","","Sorare GraphQL API","VERIFIED_API_IDENTITY","all mapped audit","ACCEPT",""
"4d77d261-36a9-4041-a9fd-3d95acc03065","Kike Barja","CA Osasuna","enrique-barja-afonso","enrique-barja-afonso","no","yes","Kike Barja","1997-04-01","CA Osasuna","yes","https://sorare.com/football/players/enrique-barja-afonso","","Sorare GraphQL API","VERIFIED_API_IDENTITY","all mapped audit","ACCEPT",""
"9781813a-a015-497e-8883-b14f12252328","Unai Simón","Athletic Club","unai-simon-mendibil","unai-simon-mendibil","no","yes","Unai Simón","1997-06-11","Athletic Club","yes","https://sorare.com/football/players/unai-simon-mendibil","","Sorare GraphQL API","VERIFIED_API_IDENTITY","all mapped audit","ACCEPT",""
"0d1957be-4753-4054-a164-42f8c38986f4","Dimitrios Stamatakis","CA Osasuna","dimitrios-stamatakis","dimitrios-stamatakis","no","yes","Dimitrios Stamatakis","2003-04-23","UD Ibiza","no","https://sorare.com/football/players/dimitrios-stamatakis","","Sorare GraphQL API","REVIEW_CLUB_MISMATCH","all mapped audit","LIKELY_ACCEPT_STALE_TEAM","Nombre y fecha de nacimiento son un identificador único y coinciden, así que muy probablemente es la misma persona y el slug es correcto; lo más probable es que sea un traspaso/cesión reciente que vuestro campo 'team' aún no refleja (como confirmé para Araujo y Mastantuono), no un fallo de identidad. Recomiendo aceptar el slug pero además programar una actualización periódica del campo 'team' de la app contra una fuente en vivo (LaLiga oficial o Sorare) para estos casos de traspaso."
"ec39b8af-c076-4d64-8d39-ae3711247163","Denzel Dumfries","Real Madrid","denzel-dumfries","denzel-dumfries","no","yes","Denzel Dumfries","1996-04-18","Real Madrid","yes","https://sorare.com/football/players/denzel-dumfries","","Sorare GraphQL API","VERIFIED_API_IDENTITY","all mapped audit","ACCEPT",""
"9cee9268-e7d6-41bd-a9ca-e7b70e89f0c5","Facundo González","Racing de Santander","facundo-gonzalez-molino","facundo-gonzalez-molino","no","yes","Facundo González","2003-06-06","Real Racing Club de Santander","yes","https://sorare.com/football/players/facundo-gonzalez-molino","","Sorare GraphQL API","VERIFIED_API_IDENTITY","all mapped audit","ACCEPT",""
"6fa24571-d5d9-4cb2-bdec-c0d5c3f12cc7","Íñigo Sainz-Maza","Racing de Santander","inigo-sainz-maza-serna","inigo-sainz-maza-serna","no","yes","Íñigo Sainz-Maza","1998-06-16","Real Racing Club de Santander","yes","https://sorare.com/football/players/inigo-sainz-maza-serna","","Sorare GraphQL API","VERIFIED_API_IDENTITY","all mapped audit","ACCEPT",""
"4414823f-75a3-4aa3-a847-945442e11dd5","Ramón Enríquez Rodríguez","Málaga CF","ramon-enriquez-rodriguez","ramon-enriquez-rodriguez","no","yes","Ramón Enríquez","2001-04-19","Málaga CF","yes","https://sorare.com/football/players/ramon-enriquez-rodriguez","","Sorare GraphQL API","VERIFIED_API_IDENTITY","all mapped audit","ACCEPT",""
"c3acba9e-4db3-4b06-8ef5-329aea572448","Andrés Martín García","Racing de Santander","andres-martin-garcia","andres-martin-garcia","no","yes","Andrés Martín","1999-07-11","Real Racing Club de Santander","yes","https://sorare.com/football/players/andres-martin-garcia","","Sorare GraphQL API","VERIFIED_API_IDENTITY","all mapped audit","ACCEPT",""
"19e9cd93-a221-4b41-81f4-350038ce3b66","Sergio Martínez Montero","Racing de Santander","sergio-martinez-montero","sergio-martinez-montero","no","yes","Sergio Martínez","2007-05-15","Real Racing Club de Santander","yes","https://sorare.com/football/players/sergio-martinez-montero","","Sorare GraphQL API","VERIFIED_API_IDENTITY","all mapped audit","ACCEPT",""
"56c5e147-dfd6-4332-98c9-363c9ce0e550","Jorge Salinas Viadero","Racing de Santander","jorge-salinas-viadero","jorge-salinas-viadero","no","yes","Jorge Salinas","2007-04-03","Real Racing Club de Santander","yes","https://sorare.com/football/players/jorge-salinas-viadero","","Sorare GraphQL API","VERIFIED_API_IDENTITY","all mapped audit","ACCEPT",""
"91dea08d-1533-4469-b341-42e86880d771","Pablo Ramón Parra","Racing de Santander","pablo-ramon-parra","pablo-ramon-parra","no","yes","Pablo Ramón","2001-06-30","Real Racing Club de Santander","yes","https://sorare.com/football/players/pablo-ramon-parra","","Sorare GraphQL API","VERIFIED_API_IDENTITY","all mapped audit","ACCEPT",""
"b637f221-d550-49a2-866b-2d049afe7190","Carlos Dotor","Málaga CF","carlos-dotor-gonzalez","carlos-dotor-gonzalez","no","yes","Carlos Dotor","2001-03-15","Málaga CF","yes","https://sorare.com/football/players/carlos-dotor-gonzalez","","Sorare GraphQL API","VERIFIED_API_IDENTITY","all mapped audit","ACCEPT",""
"7fc9cbf8-d3dc-400f-81d1-78715b4c22fd","Gonzalo Villar","Elche CF","gonzalo-villar-del-fraile","gonzalo-villar-del-fraile","no","yes","Gonzalo Villar","1998-03-23","Elche CF","yes","https://sorare.com/football/players/gonzalo-villar-del-fraile","","Sorare GraphQL API","VERIFIED_API_IDENTITY","all mapped audit","ACCEPT",""
"87cad505-e312-440a-9069-bf833c2454d8","Marc Pubill","Atlético de Madrid","marc-pubill-pages","marc-pubill-pages","no","yes","Marc Pubill","2003-06-20","Atlético de Madrid","yes","https://sorare.com/football/players/marc-pubill-pages","","Sorare GraphQL API","VERIFIED_API_IDENTITY","all mapped audit","ACCEPT",""
"39f5d5fc-c7e3-48a5-a15b-42005b1fbbce","Fran Pérez Martínez","Rayo Vallecano","francisco-perez-martinez","francisco-perez-martinez","no","yes","Fran Pérez","2002-09-09","Rayo Vallecano","yes","https://sorare.com/football/players/francisco-perez-martinez","","Sorare GraphQL API","VERIFIED_API_IDENTITY","all mapped audit","ACCEPT",""
"b8729972-8ad0-4cb5-a4a6-6c5d47feeb94","Pedro Díaz Fanjul","Rayo Vallecano","pedro-diaz-fanjul","pedro-diaz-fanjul","no","yes","Pedro Diaz","1998-06-05","Rayo Vallecano","yes","https://sorare.com/football/players/pedro-diaz-fanjul","","Sorare GraphQL API","VERIFIED_API_IDENTITY","all mapped audit","ACCEPT",""
"b7a07367-6988-4b54-88c1-d099d68864a8","Oihan Sancet","Athletic Club","oihan-sancet-tirapu","oihan-sancet-tirapu","no","yes","Oihan Sancet","2000-04-25","Athletic Club","yes","https://sorare.com/football/players/oihan-sancet-tirapu","","Sorare GraphQL API","VERIFIED_API_IDENTITY","all mapped audit","ACCEPT",""
"b6a5afe5-b722-444e-8d99-caf6314193d9","Mikel Jauregizar","Athletic Club","mikel-jauregizar-alboniga","mikel-jauregizar-alboniga","no","yes","Mikel Jauregizar","2003-11-13","Athletic Club","yes","https://sorare.com/football/players/mikel-jauregizar-alboniga","","Sorare GraphQL API","VERIFIED_API_IDENTITY","all mapped audit","ACCEPT",""
"3ecf3b0f-259e-41c3-ae29-140b8e29806f","Yassir Zabiri","Racing de Santander","mohamed-yassir-zabiri","mohamed-yassir-zabiri","no","yes","Yassir Zabiri","2005-02-23","Real Racing Club de Santander","yes","https://sorare.com/football/players/mohamed-yassir-zabiri","","Sorare GraphQL API","VERIFIED_API_IDENTITY","all mapped audit","ACCEPT",""
"34aaf99a-28cc-4f63-b1d9-9a584e856b08","Javi Rodríguez","Celta de Vigo","javier-rodriguez-galiano","javier-rodriguez-galiano","no","yes","Javi Rodríguez","2003-06-26","RC Celta","yes","https://sorare.com/football/players/javier-rodriguez-galiano","","Sorare GraphQL API","VERIFIED_API_IDENTITY","all mapped audit","ACCEPT",""
"80a9f963-1eaa-47bd-b5c5-5a6e7cc36e9c","Nico Williams","Athletic Club","nicholas-williams-arthuer","nicholas-williams-arthuer","no","yes","Nico Williams","2002-07-12","Athletic Club","yes","https://sorare.com/football/players/nicholas-williams-arthuer","","Sorare GraphQL API","VERIFIED_API_IDENTITY","all mapped audit","ACCEPT",""
"cbcf2f16-544c-4fb1-8c8c-b74cd7471d2b","Carl Starfelt","Celta de Vigo","carl-starfelt","carl-starfelt","no","yes","Carl Starfelt","1995-06-01","RC Celta","yes","https://sorare.com/football/players/carl-starfelt","","Sorare GraphQL API","VERIFIED_API_IDENTITY","all mapped audit","ACCEPT",""
"86285006-537a-4920-9fd7-7201e5ec0832","Ferran Jutglà","Celta de Vigo","ferran-jutlga-blanc","ferran-jutlga-blanc","no","yes","Ferran Jutglà","1999-02-01","RC Celta","yes","https://sorare.com/football/players/ferran-jutlga-blanc","","Sorare GraphQL API","VERIFIED_API_IDENTITY","all mapped audit","ACCEPT",""
"92acfdc9-1642-404c-97ec-ff0feab83aa0","Giorgi Tsitaishvili","Rayo Vallecano","heorhii-tsitaishvili","heorhii-tsitaishvili","no","yes","Giorgi Tsitaishvili","2000-11-18","Rayo Vallecano","yes","https://sorare.com/football/players/heorhii-tsitaishvili","","Sorare GraphQL API","VERIFIED_API_IDENTITY","all mapped audit","ACCEPT",""
"3487dd9c-c863-472e-af56-b46098ade48d","Etienne Eto'o","Rayo Vallecano","etienne-eto-o-pineda","etienne-eto-o-pineda","no","yes","Etienne Eto'o","2002-08-18","Rayo Vallecano","yes","https://sorare.com/football/players/etienne-eto-o-pineda","","Sorare GraphQL API","VERIFIED_API_IDENTITY","all mapped audit","ACCEPT",""
"2a4ed656-d6c2-459d-9538-8f7d4be92691","Lamine Yamal","FC Barcelona","lamine-yamal-nasraoui-ebana","lamine-yamal-nasraoui-ebana","no","yes","Lamine Yamal","2007-07-13","FC Barcelona","yes","https://sorare.com/football/players/lamine-yamal-nasraoui-ebana","","Sorare GraphQL API","VERIFIED_API_IDENTITY","all mapped audit","ACCEPT",""
"1757941a-fd46-43d4-83e0-1d92acb10675","Marc Bernal","FC Barcelona","marc-bernal-casas","marc-bernal-casas","no","yes","Marc Bernal","2007-05-26","FC Barcelona","yes","https://sorare.com/football/players/marc-bernal-casas","","Sorare GraphQL API","VERIFIED_API_IDENTITY","all mapped audit","ACCEPT",""
"d511b86c-8aba-48e6-81d4-c936af0c8d73","Alejandro Balde","FC Barcelona","alejandro-balde-martinez","alejandro-balde-martinez","no","yes","Alejandro Balde","2003-10-18","FC Barcelona","yes","https://sorare.com/football/players/alejandro-balde-martinez","","Sorare GraphQL API","VERIFIED_API_IDENTITY","all mapped audit","ACCEPT",""
"44f9c4fc-f0be-420f-a431-9a5bd2247a27","Raúl de Tomás","Rayo Vallecano","raul-de-tomas-gomez","raul-de-tomas-gomez","no","yes","Raúl de Tomás","1994-10-17","Rayo Vallecano","yes","https://sorare.com/football/players/raul-de-tomas-gomez","","Sorare GraphQL API","VERIFIED_API_IDENTITY","all mapped audit","ACCEPT",""
"8f41931b-d2aa-4a2f-870b-b26d903af186","Pau Cubarsí","FC Barcelona","pau-cubarsi-paredes","pau-cubarsi-paredes","no","yes","Pau Cubarsí","2007-01-22","FC Barcelona","yes","https://sorare.com/football/players/pau-cubarsi-paredes","","Sorare GraphQL API","VERIFIED_API_IDENTITY","all mapped audit","ACCEPT",""
"3b1e66a5-036d-4eeb-a64d-383d8bb21fe7","Eric García","FC Barcelona","eric-garcia-martret","eric-garcia-martret","no","yes","Eric García","2001-01-09","FC Barcelona","yes","https://sorare.com/football/players/eric-garcia-martret","","Sorare GraphQL API","VERIFIED_API_IDENTITY","all mapped audit","ACCEPT",""
"6a96c067-d93a-4dba-bca3-1e18c505d259","Joan Garcia","FC Barcelona","joan-garcia-pons","joan-garcia-pons","no","yes","Joan García","2001-05-04","FC Barcelona","yes","https://sorare.com/football/players/joan-garcia-pons","","Sorare GraphQL API","VERIFIED_API_IDENTITY","all mapped audit","ACCEPT",""
"8b12f673-7d84-4a2b-9bd2-c0c965e9231f","Ángel Recio Gutiérrez","Málaga CF","angel-recio-gutierrez","angel-recio-gutierrez","no","yes","Ángel Recio","2003-01-05","Málaga CF","yes","https://sorare.com/football/players/angel-recio-gutierrez","","Sorare GraphQL API","VERIFIED_API_IDENTITY","all mapped audit","ACCEPT",""
"9721fd15-61de-43ac-9e68-a0f7d5dfb7ef","Franco Mastantuono","Real Madrid","franco-mastantuono","franco-mastantuono","no","yes","Franco Mastantuono","2007-08-14","ACF Fiorentina","no","https://sorare.com/football/players/franco-mastantuono","","Sorare GraphQL API","REVIEW_CLUB_MISMATCH","all mapped audit","ACCEPT","CONFIRMADO: cedido a la Fiorentina para 2026-27 (agosto 2026), verificado en comunicado oficial del Real Madrid. El slug es correcto, solo el campo 'team' de vuestra app está desactualizado."
"e990d978-be52-4c31-a387-8e9fc0b491dc","Andrei Rațiu","Rayo Vallecano","andrei-florin-ratiu","andrei-florin-ratiu","no","yes","Andrei Rațiu","1998-06-20","Rayo Vallecano","yes","https://sorare.com/football/players/andrei-florin-ratiu","","Sorare GraphQL API","VERIFIED_API_IDENTITY","all mapped audit","ACCEPT",""
"49ab594e-b989-4936-bdc1-a72436199c85","Junior Firpo","Real Betis","hector-junior-firpo-adames","hector-junior-firpo-adames","no","yes","Junior Firpo","1996-08-22","Real Betis","yes","https://sorare.com/football/players/hector-junior-firpo-adames","","Sorare GraphQL API","VERIFIED_API_IDENTITY","all mapped audit","ACCEPT",""
"51d121e4-4ae1-4c1c-a40d-b1519c268c8b","Trent Alexander-Arnold","Real Madrid","trent-alexander-arnold","trent-alexander-arnold","no","yes","Trent Alexander-Arnold","1998-10-07","Real Madrid","yes","https://sorare.com/football/players/trent-alexander-arnold","","Sorare GraphQL API","VERIFIED_API_IDENTITY","all mapped audit","ACCEPT",""
"cb3cda2a-2376-4746-9260-9199c97e082c","Rodrygo Goes 4.º","Real Madrid","rodrigo-martins-gomes","rodrigo-martins-gomes","no","yes","Rodrigo Gomes","2003-07-07","Wolverhampton Wanderers FC","no","https://sorare.com/football/players/rodrigo-martins-gomes","","Sorare GraphQL API","REVIEW_CLUB_MISMATCH","all mapped audit","URGENT_FIX_LIVE","INCORRECTO Y YA APLICADO EN SUPABASE. El slug actual (rodrigo-martins-gomes) corresponde a Rodrigo Gomes, del Wolverhampton (nacido 2003-07-07), un jugador distinto. El Rodrygo real es Rodrygo Silva de Goes, nacido 09-01-2001. Corregir cuanto antes."
"c91d17bb-5da8-40ce-80fb-0ddc2df0fccb","Unai Marrero","Real Sociedad","unai-marrero-larranaga","unai-marrero-larranaga","no","yes","Unai Marrero","2001-10-09","Real Sociedad","yes","https://sorare.com/football/players/unai-marrero-larranaga","","Sorare GraphQL API","VERIFIED_API_IDENTITY","all mapped audit","ACCEPT",""
"b5a6d7ba-04ad-437f-bdb5-43588e1930d8","Álvaro Fidalgo","Real Betis","alvaro-fidalgo-fernandez","alvaro-fidalgo-fernandez","no","yes","Álvaro Fidalgo","1997-04-09","Real Betis","yes","https://sorare.com/football/players/alvaro-fidalgo-fernandez","","Sorare GraphQL API","VERIFIED_API_IDENTITY","all mapped audit","ACCEPT",""
"f7af865b-0333-4ca9-ae5e-ba80616fa3db","Nelson Deossa","Real Betis","nelson-alexander-deossa-suarez","nelson-alexander-deossa-suarez","no","yes","Nelson Deossa","2000-02-06","Real Betis","yes","https://sorare.com/football/players/nelson-alexander-deossa-suarez","","Sorare GraphQL API","VERIFIED_API_IDENTITY","all mapped audit","ACCEPT",""
"f53f0e08-e955-479e-8516-de6bdf633a6d","Ángel Ortiz Monterrey","Real Betis","angel-ortiz-monterrey","angel-ortiz-monterrey","no","yes","Ángel Ortiz","2004-07-25","Real Betis","yes","https://sorare.com/football/players/angel-ortiz-monterrey","","Sorare GraphQL API","VERIFIED_API_IDENTITY","all mapped audit","ACCEPT",""
"73a15131-a70f-4976-a500-553de09823cc","Pablo García","Real Betis","pablo-garcia-fernandez","pablo-garcia-fernandez","no","yes","Pablo García","2006-06-13","Real Betis","yes","https://sorare.com/football/players/pablo-garcia-fernandez","","Sorare GraphQL API","VERIFIED_API_IDENTITY","all mapped audit","ACCEPT",""
"4e751e72-828a-4faa-beee-45c9a0941296","Iker Losada","Real Betis","iker-losada-aragunde","iker-losada-aragunde","no","yes","Iker Losada","2001-08-01","Real Betis","yes","https://sorare.com/football/players/iker-losada-aragunde","","Sorare GraphQL API","VERIFIED_API_IDENTITY","all mapped audit","ACCEPT",""
"22369b67-8fda-4e07-9898-0bd108acacfe","Andriy Lunin","Real Madrid","andriy-lunin","andriy-lunin","no","yes","Andriy Lunin","1999-02-11","Real Madrid","yes","https://sorare.com/football/players/andriy-lunin","","Sorare GraphQL API","VERIFIED_API_IDENTITY","all mapped audit","ACCEPT",""
"d22bc60f-f690-4041-8df9-101494f58a5f","Iñaki Rupérez Urtasun","Real Sociedad","inaki-ruperez-urtasun","inaki-ruperez-urtasun","no","yes","Iñaki Rupérez","2003-01-07","Real Sociedad","yes","https://sorare.com/football/players/inaki-ruperez-urtasun","","Sorare GraphQL API","VERIFIED_API_IDENTITY","all mapped audit","ACCEPT",""
"73af3444-fc76-4ab1-9c22-f7ac2d336f62","Álvaro Carreras","Real Madrid","alvaro-fernandez-carreras","alvaro-fernandez-carreras","no","yes","Álvaro Carreras","2003-03-23","Real Madrid","yes","https://sorare.com/football/players/alvaro-fernandez-carreras","","Sorare GraphQL API","VERIFIED_API_IDENTITY","all mapped audit","ACCEPT",""
"a2957df3-e6d2-48e0-b1a5-8f9be184a92a","Sergio Gómez Martín","Real Sociedad","sergio-gomez-martin","sergio-gomez-martin","no","yes","Sergio Gómez","2000-09-04","Real Sociedad","yes","https://sorare.com/football/players/sergio-gomez-martin","","Sorare GraphQL API","VERIFIED_API_IDENTITY","all mapped audit","ACCEPT",""
"812b1ddd-ab51-4126-837a-64df24d96143","Álex Remiro","Real Sociedad","alejandro-remiro-gargallo","alejandro-remiro-gargallo","no","yes","Álex Remiro","1995-03-24","Real Sociedad","yes","https://sorare.com/football/players/alejandro-remiro-gargallo","","Sorare GraphQL API","VERIFIED_API_IDENTITY","all mapped audit","ACCEPT",""
"1cf28896-90a4-4f0d-9daa-334e7b8ba66b","Ryunosuke Sato","Valencia CF","ryunosuke-sato","ryunosuke-sato","no","yes","Ryunosuke Sato","2006-10-16","Valencia CF","yes","https://sorare.com/football/players/ryunosuke-sato","","Sorare GraphQL API","VERIFIED_API_IDENTITY","all mapped audit","ACCEPT",""
"09bed066-aa32-42e4-8ed2-1a6d0a0438f9","César Tárrega","Valencia CF","cesar-tarrega-requeni","cesar-tarrega-requeni","no","yes","César Tárrega","2002-02-26","Valencia CF","yes","https://sorare.com/football/players/cesar-tarrega-requeni","","Sorare GraphQL API","VERIFIED_API_IDENTITY","all mapped audit","ACCEPT",""
"edb82451-6950-4689-badd-8283b0e5a254","Yan Diomande","Real Madrid","yan-diomande","yan-diomande","no","yes","Yan Diomande","2006-11-14","Real Madrid","yes","https://sorare.com/football/players/yan-diomande","","Sorare GraphQL API","VERIFIED_API_IDENTITY","all mapped audit","ACCEPT",""
"99dfb1ec-d16f-421f-8ff0-2ff6390caf8c","Rodrigo Riquelme Reche","Real Betis","rodrigo-riquelme-reche","rodrigo-riquelme-reche","no","yes","Rodrigo Riquelme","2000-04-02","Real Betis","yes","https://sorare.com/football/players/rodrigo-riquelme-reche","","Sorare GraphQL API","VERIFIED_API_IDENTITY","all mapped audit","ACCEPT",""
"39dd8643-4a50-4890-b2a8-20d28af3216d","Federico Valverde 1.º","Real Madrid","federico-santiago-valverde-dipetta","federico-santiago-valverde-dipetta","no","yes","Federico Valverde","1998-07-22","Real Madrid","yes","https://sorare.com/football/players/federico-santiago-valverde-dipetta","","Sorare GraphQL API","VERIFIED_API_IDENTITY","all mapped audit","ACCEPT",""
"f345f6e5-c3fc-4515-b246-b30d76b5eb4f","Thibaut Courtois 3.º","Real Madrid","thibaut-courtois","thibaut-courtois","no","yes","Thibaut Courtois","1992-05-11","Real Madrid","yes","https://sorare.com/football/players/thibaut-courtois","","Sorare GraphQL API","VERIFIED_API_IDENTITY","all mapped audit","ACCEPT",""
"bec2915c-5d1e-45fb-b6b3-d3ceeeb01de7","Martim Neto","Elche CF","martim-carvalho-neto","martim-carvalho-neto","no","yes","Martim Neto","2003-01-14","Elche CF","yes","https://sorare.com/football/players/martim-carvalho-neto","","Sorare GraphQL API","VERIFIED_API_IDENTITY","all mapped audit","ACCEPT",""
"b01221a7-d506-4553-ba1d-4ac161c58d95","Germán Valera","Elche CF","german-valera-karabinaite","german-valera-karabinaite","no","yes","Germán Valera","2002-03-16","Elche CF","yes","https://sorare.com/football/players/german-valera-karabinaite","","Sorare GraphQL API","VERIFIED_API_IDENTITY","all mapped audit","ACCEPT",""
"b6ef3f44-a0a1-4b4a-b912-4dfe031145d2","Carlos Puga","Málaga CF","carlos-francisco-puga-medina","carlos-francisco-puga-medina","no","yes","Carlos Puga","2000-11-26","Málaga CF","yes","https://sorare.com/football/players/carlos-francisco-puga-medina","","Sorare GraphQL API","VERIFIED_API_IDENTITY","all mapped audit","ACCEPT",""
"21e38d22-8c5a-4d16-9083-3d6d95d3d1db","Alfonso Herrero","Málaga CF","alfonso-herrero-peinador","alfonso-herrero-peinador","no","yes","Alfonso Herrero","1994-04-21","Málaga CF","yes","https://sorare.com/football/players/alfonso-herrero-peinador","","Sorare GraphQL API","VERIFIED_API_IDENTITY","all mapped audit","ACCEPT",""
"c310d2ac-ea02-40f2-9bf0-a399f749a25c","Eduardo Camavinga","Real Madrid","eduardo-camavinga","eduardo-camavinga","no","yes","Eduardo Camavinga","2002-11-10","Real Madrid","yes","https://sorare.com/football/players/eduardo-camavinga","","Sorare GraphQL API","VERIFIED_API_IDENTITY","all mapped audit","ACCEPT",""
"5d5a3397-7b84-4dee-95dc-2d9f51c81754","Carlos Espí","Real Madrid","carlos-espi-escrihuela","carlos-espi-escrihuela","no","yes","Carlos Espí","2005-07-24","Real Madrid","yes","https://sorare.com/football/players/carlos-espi-escrihuela","","Sorare GraphQL API","VERIFIED_API_IDENTITY","all mapped audit","ACCEPT",""
"5cf9edf7-4366-405d-9d3e-ec999f30a81d","Lucien Agoumé","Sevilla FC","lucien-agoume","lucien-agoume","no","yes","Lucien Agoumé","2002-02-09","Sevilla FC","yes","https://sorare.com/football/players/lucien-agoume","","Sorare GraphQL API","VERIFIED_API_IDENTITY","all mapped audit","ACCEPT",""
"5cf78531-652b-462a-9579-2905a9b4b169","Aliou Dieng","Valencia CF","aliou-dieng","aliou-dieng","no","yes","Aliou Dieng","1997-10-16","Valencia CF","yes","https://sorare.com/football/players/aliou-dieng","","Sorare GraphQL API","VERIFIED_API_IDENTITY","all mapped audit","ACCEPT",""
"afde8df7-e7db-4ea7-910b-89337f78659e","Cristian Rivero Sabater","Valencia CF","cristian-rivero-sabater","cristian-rivero-sabater","no","yes","Cristian Rivero","1998-03-21","Valencia CF","yes","https://sorare.com/football/players/cristian-rivero-sabater","","Sorare GraphQL API","VERIFIED_API_IDENTITY","all mapped audit","ACCEPT",""
"a4cc1137-2efc-4461-b5b4-905ed73a7c9b","Dani Raba","Valencia CF","daniel-raba-antoli","daniel-raba-antoli","no","yes","Dani Raba","1995-10-29","Valencia CF","yes","https://sorare.com/football/players/daniel-raba-antoli","","Sorare GraphQL API","VERIFIED_API_IDENTITY","all mapped audit","ACCEPT",""
"124a0456-845e-4af0-a033-8fc276e3f0ce","Diego López Noguerol","Valencia CF","diego-lopez-noguerol","diego-lopez-noguerol","no","yes","Diego López","2002-05-13","Valencia CF","yes","https://sorare.com/football/players/diego-lopez-noguerol","","Sorare GraphQL API","VERIFIED_API_IDENTITY","all mapped audit","ACCEPT",""
"1bbeab76-ac55-406f-a901-f8433ce99342","Arnaut Danjuma","Valencia CF","arnaut-danjuma-groeneveld","arnaut-danjuma-groeneveld","no","yes","Arnaut Danjuma","1997-01-31","Valencia CF","yes","https://sorare.com/football/players/arnaut-danjuma-groeneveld","","Sorare GraphQL API","VERIFIED_API_IDENTITY","all mapped audit","ACCEPT",""
"c14b8bc7-0245-41ed-8abb-eb5f1da677cc","Arsen Zakharyan","Real Sociedad","arsen-zakharyan","arsen-zakharyan","no","yes","Arsen Zakharyan","2003-05-26","Real Sociedad","yes","https://sorare.com/football/players/arsen-zakharyan","","Sorare GraphQL API","VERIFIED_API_IDENTITY","all mapped audit","ACCEPT",""
"0e82701d-60b0-4101-a435-875627b36ace","Chidera Ejuke","Sevilla FC","chidera-ejuke","chidera-ejuke","no","yes","Chidera Ejuke","1998-01-02","Sevilla FC","yes","https://sorare.com/football/players/chidera-ejuke","","Sorare GraphQL API","VERIFIED_API_IDENTITY","all mapped audit","ACCEPT",""
"c6093558-078b-40eb-885c-1d6a2a75aec2","Fran González","Sevilla FC","francisco-javier-gonzalez-perez","francisco-javier-gonzalez-perez","no","yes","Fran González","2005-06-24","Sevilla FC","yes","https://sorare.com/football/players/francisco-javier-gonzalez-perez","","Sorare GraphQL API","VERIFIED_API_IDENTITY","all mapped audit","ACCEPT",""
"df2a9056-2f7f-4b13-82d2-f0fcd150488b","Rubén Gómez Peris","Villarreal CF","ruben-gomez-peris","ruben-gomez-peris","no","yes","Rubén Gómez","2002-01-24","Villarreal CF","yes","https://sorare.com/football/players/ruben-gomez-peris","","Sorare GraphQL API","VERIFIED_API_IDENTITY","all mapped audit","ACCEPT",""
"c8bf3cb4-c35b-462c-a017-786893281c1e","Pau Navarro Badenes","Villarreal CF","pau-navarro-badenes","pau-navarro-badenes","no","yes","Pau Navarro","2005-04-25","Villarreal CF","yes","https://sorare.com/football/players/pau-navarro-badenes","","Sorare GraphQL API","VERIFIED_API_IDENTITY","all mapped audit","ACCEPT",""
"e8eea8dc-d13f-459d-bd5c-88cbced342c1","Rubén Vargas Martínez","Sevilla FC","ruben-vargas","ruben-vargas","no","yes","Ruben Vargas","1998-08-05","Sevilla FC","yes","https://sorare.com/football/players/ruben-vargas","","Sorare GraphQL API","VERIFIED_API_IDENTITY","all mapped audit","ACCEPT",""
"e4af0d08-2868-492d-8d5e-add40a3f6f42","Julio Díaz","Sevilla FC","julio-diaz-del-romo","julio-diaz-del-romo","no","yes","Julio Díaz","2005-01-10","Sevilla FC","yes","https://sorare.com/football/players/julio-diaz-del-romo","","Sorare GraphQL API","VERIFIED_API_IDENTITY","all mapped audit","ACCEPT",""
"23bbd970-4271-489d-b883-b71f2abfa382","Manu Bueno","Sevilla FC","manuel-bueno-sebastian","manuel-bueno-sebastian","no","yes","Manu Bueno","2004-07-27","Sevilla FC","yes","https://sorare.com/football/players/manuel-bueno-sebastian","","Sorare GraphQL API","VERIFIED_API_IDENTITY","all mapped audit","ACCEPT",""
"db2dda3b-5772-45ce-a2e4-4a4d006064d7","Alberto Marí","Valencia CF","alberto-mari-sanchez","alberto-mari-sanchez","no","yes","Alberto Marí","2001-07-11","Valencia CF","yes","https://sorare.com/football/players/alberto-mari-sanchez","","Sorare GraphQL API","VERIFIED_API_IDENTITY","all mapped audit","ACCEPT",""
"e4b0be32-89a7-4824-8c56-ace62f8df615","Orri Óskarsson","Real Sociedad","orri-steinn-oskarsson","orri-steinn-oskarsson","no","yes","Orri Óskarsson","2004-08-29","Real Sociedad","yes","https://sorare.com/football/players/orri-steinn-oskarsson","","Sorare GraphQL API","VERIFIED_API_IDENTITY","all mapped audit","ACCEPT",""
"ce8960e2-b729-4ae7-a001-32f2d13af07e","José Ángel Carmona","Sevilla FC","jose-angel-carmona-navarro","jose-angel-carmona-navarro","no","yes","José Ángel Carmona","2002-01-29","Sevilla FC","yes","https://sorare.com/football/players/jose-angel-carmona-navarro","","Sorare GraphQL API","VERIFIED_API_IDENTITY","all mapped audit","ACCEPT",""
"1074b4e0-d05d-4e00-874a-ab9a06c3720b","Luka Sučić","Real Sociedad","luka-sucic","luka-sucic","no","yes","Luka Sučić","2002-09-08","Real Sociedad","yes","https://sorare.com/football/players/luka-sucic","","Sorare GraphQL API","VERIFIED_API_IDENTITY","all mapped audit","ACCEPT",""
"18fc8104-7899-4a44-9181-b9aa2a6ba512","Jesús Vázquez Alcalde","Valencia CF","jesus-vazquez-alcalde","jesus-vazquez-alcalde","no","yes","Jesús Vázquez","2003-01-02","Valencia CF","yes","https://sorare.com/football/players/jesus-vazquez-alcalde","","Sorare GraphQL API","VERIFIED_API_IDENTITY","all mapped audit","ACCEPT",""
"5ebf9dd2-5c4c-4700-8b03-65e20ec838b6","Joaquín Muñoz Benavides","Málaga CF","joaquin-munoz-benavides","joaquin-munoz-benavides","no","yes","Joaquín Muñoz","1999-03-10","Málaga CF","yes","https://sorare.com/football/players/joaquin-munoz-benavides","","Sorare GraphQL API","VERIFIED_API_IDENTITY","all mapped audit","ACCEPT",""
"58818973-ece8-4ed7-9e65-7fcc63941f88","Fábio Cardoso","Sevilla FC","fabio-rafael-rodrigues-cardoso","fabio-rafael-rodrigues-cardoso","no","yes","Fábio Cardoso","1994-04-19","Sevilla FC","yes","https://sorare.com/football/players/fabio-rafael-rodrigues-cardoso","","Sorare GraphQL API","VERIFIED_API_IDENTITY","all mapped audit","ACCEPT",""
"af4aee47-7c42-4e90-a349-6e4dcc7c866b","Adrià Pedrosa","Sevilla FC","adria-giner-pedrosa","adria-giner-pedrosa","no","yes","Adrià Pedrosa","1998-05-13","Sevilla FC","yes","https://sorare.com/football/players/adria-giner-pedrosa","","Sorare GraphQL API","VERIFIED_API_IDENTITY","all mapped audit","ACCEPT",""
"6de6f44f-27dc-424b-9836-fcd204d2d0f7","Mouctar Diakhaby","Valencia CF","mouctar-diakhaby","mouctar-diakhaby","no","yes","Mouctar Diakhaby","1996-12-19","Valencia CF","yes","https://sorare.com/football/players/mouctar-diakhaby","","Sorare GraphQL API","VERIFIED_API_IDENTITY","all mapped audit","ACCEPT",""
"75febf95-56d0-4ade-be59-f5ecb877e4d6","André Almeida","Valencia CF","domingos-andre-ribeiro-almeida","domingos-andre-ribeiro-almeida","no","yes","André Almeida","2000-05-30","Valencia CF","yes","https://sorare.com/football/players/domingos-andre-ribeiro-almeida","","Sorare GraphQL API","VERIFIED_API_IDENTITY","all mapped audit","ACCEPT",""
"4cac7ce2-8c2a-4b61-86a6-cd8b0df9aa55","Peter Gulacsi","Villarreal CF","peter-gulacsi","peter-gulacsi","no","yes","Péter Gulácsi","1990-05-06","Villarreal CF","yes","https://sorare.com/football/players/peter-gulacsi","","Sorare GraphQL API","VERIFIED_API_IDENTITY","all mapped audit","ACCEPT",""
"a2afd113-6d4e-47d5-8f16-2fa0843e6cac","Alex Freeman","Villarreal CF","alexander-freeman","alexander-freeman","no","yes","Alex Freeman","2004-08-09","Villarreal CF","yes","https://sorare.com/football/players/alexander-freeman","","Sorare GraphQL API","VERIFIED_API_IDENTITY","all mapped audit","ACCEPT",""
"85dce601-aeb5-4157-9140-a997e993465e","Willy Kambwala","Villarreal CF","willy-kambwala-ndengushi","willy-kambwala-ndengushi","no","yes","Willy Kambwala","2004-08-25","Villarreal CF","yes","https://sorare.com/football/players/willy-kambwala-ndengushi","","Sorare GraphQL API","VERIFIED_API_IDENTITY","all mapped audit","ACCEPT",""
"8029e237-b1fd-43d1-8113-af88047cb958","Sergi Canós","Valencia CF","sergi-canos-tenes","sergi-canos-tenes","no","yes","Sergi Canós","1997-02-02","Valencia CF","yes","https://sorare.com/football/players/sergi-canos-tenes","","Sorare GraphQL API","VERIFIED_API_IDENTITY","all mapped audit","ACCEPT",""
"3c286e7a-a424-4114-975a-5847e1ee7bd5","Jon Karrikaburu","Real Sociedad","jon-karrikaburu-jaimerena","jon-karrikaburu-jaimerena","no","yes","Karrikaburu","2002-09-19","Real Sociedad","yes","https://sorare.com/football/players/jon-karrikaburu-jaimerena","","Sorare GraphQL API","VERIFIED_API_IDENTITY","all mapped audit","ACCEPT",""
"1a66f93c-0d4d-44e9-bf84-786460d9075f","Jon Guridi","Sevilla FC","jon-guridi-aldalur","jon-guridi-aldalur","no","yes","Guridi","1995-02-28","Sevilla FC","yes","https://sorare.com/football/players/jon-guridi-aldalur","","Sorare GraphQL API","VERIFIED_API_IDENTITY","all mapped audit","ACCEPT",""
"d9a62aa8-97cf-47ff-ace9-e1c52d0302de","Ville Koski","Deportivo Alavés","ville-koski","ville-koski","no","yes","Ville Koski","2002-01-27","D. Alavés","yes","https://sorare.com/football/players/ville-koski","","Sorare GraphQL API","VERIFIED_API_IDENTITY","all mapped audit","ACCEPT",""
"d54782fa-54ee-4c61-9f78-f09ffdd02fbb","Nahuel Tenaglia","Deportivo Alavés","nahuel-tenaglia","nahuel-tenaglia","no","yes","Nahuel Tenaglia","1996-02-21","D. Alavés","yes","https://sorare.com/football/players/nahuel-tenaglia","","Sorare GraphQL API","VERIFIED_API_IDENTITY","all mapped audit","ACCEPT",""
"2370ce24-2061-4ba7-af5d-35e9925f1a67","Isaac Romero","Sevilla FC","isaac-romero-bernal","isaac-romero-bernal","no","yes","Isaac Romero","2000-05-18","Sevilla FC","yes","https://sorare.com/football/players/isaac-romero-bernal","","Sorare GraphQL API","VERIFIED_API_IDENTITY","all mapped audit","ACCEPT",""
"59c4ba0c-aef2-491b-9274-25ef1adf7a6b","Álvaro García Rivera","Rayo Vallecano","alvaro-garcia-rivera","alvaro-garcia-rivera","no","yes","Álvaro García","1992-10-27","Rayo Vallecano","yes","https://sorare.com/football/players/alvaro-garcia-rivera","","Sorare GraphQL API","VERIFIED_API_IDENTITY","all mapped audit","ACCEPT",""
"81bd9e10-af78-46c4-8481-f43c71ff3c33","Gabriel Suazo","Sevilla FC","gabriel-alonso-suazo-urbina","gabriel-alonso-suazo-urbina","no","yes","Gabriel Suazo","1997-08-09","Sevilla FC","yes","https://sorare.com/football/players/gabriel-alonso-suazo-urbina","","Sorare GraphQL API","VERIFIED_API_IDENTITY","all mapped audit","ACCEPT",""
"065a49c6-7ef0-4d6c-a8fc-6792cbb83f1c","Andrés Castrín","Sevilla FC","andres-castrin","andres-castrin","no","yes","Andrés Castrín","2003-05-26","Sevilla FC","yes","https://sorare.com/football/players/andres-castrin","","Sorare GraphQL API","VERIFIED_API_IDENTITY","all mapped audit","ACCEPT",""
"8dce4214-995a-45d9-8fac-eeee7e9a99ae","Arouna Sangante","Sevilla FC","arouna-sangante","arouna-sangante","no","yes","Arouna Sangante","2002-04-12","Sevilla FC","yes","https://sorare.com/football/players/arouna-sangante","","Sorare GraphQL API","VERIFIED_API_IDENTITY","all mapped audit","ACCEPT",""
"c69a032a-5314-4c41-8144-e3554de44dc9","José Salinas","Málaga CF","jose-salinas-moran","jose-salinas-moran","no","yes","José Salinas","2000-09-30","Málaga CF","yes","https://sorare.com/football/players/jose-salinas-moran","","Sorare GraphQL API","VERIFIED_API_IDENTITY","all mapped audit","ACCEPT",""
"1fbb3d46-429e-48b2-9153-a7b865607f85","Einar Galilea","Málaga CF","einar-galilea-azaceta","einar-galilea-azaceta","no","yes","Einar Galilea","1994-05-22","Málaga CF","yes","https://sorare.com/football/players/einar-galilea-azaceta","","Sorare GraphQL API","VERIFIED_API_IDENTITY","all mapped audit","ACCEPT",""
"ae6842a0-215b-4242-a7a6-cee595d38a08","Sergi Cardona","Villarreal CF","sergi-cardona-bermudez","sergi-cardona-bermudez","no","yes","Sergi Cardona","1999-07-08","Villarreal CF","yes","https://sorare.com/football/players/sergi-cardona-bermudez","","Sorare GraphQL API","VERIFIED_API_IDENTITY","all mapped audit","ACCEPT",""
"bc3e00de-bac7-46a2-b335-be4975940936","Ángel Pérez","Deportivo Alavés","angel-perez-hidalgo","angel-perez-hidalgo","no","yes","Ángel Pérez","2002-08-29","D. Alavés","yes","https://sorare.com/football/players/angel-perez-hidalgo","","Sorare GraphQL API","VERIFIED_API_IDENTITY","all mapped audit","ACCEPT",""
"2e2a3a50-5ea5-468d-bfb1-057b54afc55d","Ilias Akhomach","Villarreal CF","ilias-akhomach-chakkour","ilias-akhomach-chakkour","no","yes","Ilias Akhomach","2004-04-16","Villarreal CF","yes","https://sorare.com/football/players/ilias-akhomach-chakkour","","Sorare GraphQL API","VERIFIED_API_IDENTITY","all mapped audit","ACCEPT",""
"ff566891-5e93-439a-aa9b-73484dd247b3","Tajon Buchanan","Villarreal CF","tajon-buchanan","tajon-buchanan","no","yes","Tajon Buchanan","1999-02-08","Villarreal CF","yes","https://sorare.com/football/players/tajon-buchanan","","Sorare GraphQL API","VERIFIED_API_IDENTITY","all mapped audit","ACCEPT",""
"74ab0325-8d87-4483-8f7d-724402e0d278","Carlos Maciá","Villarreal CF","carlos-macia-coves","carlos-macia-coves","no","yes","Carlos Maciá","2008-09-01","Villarreal CF","yes","https://sorare.com/football/players/carlos-macia-coves","","Sorare GraphQL API","VERIFIED_API_IDENTITY","all mapped audit","ACCEPT",""
"39ed5a04-426b-4c0e-a39c-4771026b1ed4","Tani Oluwaseyi","Villarreal CF","tani-oluwaseyi","tani-oluwaseyi","no","yes","Tani Oluwaseyi","2000-05-15","Villarreal CF","yes","https://sorare.com/football/players/tani-oluwaseyi","","Sorare GraphQL API","VERIFIED_API_IDENTITY","all mapped audit","ACCEPT",""
"cb47e728-a96f-4dd4-9faf-cb21397c623e","Arnau Tenas","Villarreal CF","arnau-tenas-urena","arnau-tenas-urena","no","yes","Arnau Tenas","2001-05-30","RCD Mallorca","no","https://sorare.com/football/players/arnau-tenas-urena","","Sorare GraphQL API","REVIEW_CLUB_MISMATCH","all mapped audit","LIKELY_ACCEPT_STALE_TEAM","Nombre y fecha de nacimiento son un identificador único y coinciden, así que muy probablemente es la misma persona y el slug es correcto; lo más probable es que sea un traspaso/cesión reciente que vuestro campo 'team' aún no refleja (como confirmé para Araujo y Mastantuono), no un fallo de identidad. Recomiendo aceptar el slug pero además programar una actualización periódica del campo 'team' de la app contra una fuente en vivo (LaLiga oficial o Sorare) para estos casos de traspaso."
"d6a1ffdf-393f-4eeb-90c2-f25a11618839","Kike Salas","Sevilla FC","enrique-jesus-salas-valiente","enrique-jesus-salas-valiente","no","yes","Kike Salas","2002-04-23","Sevilla FC","yes","https://sorare.com/football/players/enrique-jesus-salas-valiente","","Sorare GraphQL API","VERIFIED_API_IDENTITY","all mapped audit","ACCEPT",""
"b5c11ca7-de58-4e1c-aa7b-5c553546fc27","Diego Conde","Villarreal CF","diego-jose-conde-alcolado","diego-jose-conde-alcolado","no","yes","Diego Conde","1998-10-28","Real Betis","no","https://sorare.com/football/players/diego-jose-conde-alcolado","","Sorare GraphQL API","REVIEW_CLUB_MISMATCH","all mapped audit","LIKELY_ACCEPT_STALE_TEAM","Nombre y fecha de nacimiento son un identificador único y coinciden, así que muy probablemente es la misma persona y el slug es correcto; lo más probable es que sea un traspaso/cesión reciente que vuestro campo 'team' aún no refleja (como confirmé para Araujo y Mastantuono), no un fallo de identidad. Recomiendo aceptar el slug pero además programar una actualización periódica del campo 'team' de la app contra una fuente en vivo (LaLiga oficial o Sorare) para estos casos de traspaso."
"0cf4e53c-0af7-404d-825b-886bfa14ee2f","Thiago Fernández","Villarreal CF","thiago-cruz-fernandez","thiago-cruz-fernandez","no","yes","Thiago Fernández","2004-04-03","Levante UD","no","https://sorare.com/football/players/thiago-cruz-fernandez","","Sorare GraphQL API","REVIEW_CLUB_MISMATCH","all mapped audit","LIKELY_ACCEPT_STALE_TEAM","Nombre y fecha de nacimiento son un identificador único y coinciden, así que muy probablemente es la misma persona y el slug es correcto; lo más probable es que sea un traspaso/cesión reciente que vuestro campo 'team' aún no refleja (como confirmé para Araujo y Mastantuono), no un fallo de identidad. Recomiendo aceptar el slug pero además programar una actualización periódica del campo 'team' de la app contra una fuente en vivo (LaLiga oficial o Sorare) para estos casos de traspaso."
"7c42d65b-61e7-4b58-aca7-95bb88e0c3f9","Dimitri Foulquier","Valencia CF","dimitri-foulquier","dimitri-foulquier","no","yes","Dimitri Foulquier","1993-03-23","Valencia CF","yes","https://sorare.com/football/players/dimitri-foulquier","","Sorare GraphQL API","VERIFIED_API_IDENTITY","all mapped audit","ACCEPT",""
"bc66243f-e6ac-4faf-a212-79a4f00296cc","Anthony Gordon","FC Barcelona","anthony-gordon","anthony-gordon","no","yes","Anthony Gordon","2001-02-24","FC Barcelona","yes","https://sorare.com/football/players/anthony-gordon","","Sorare GraphQL API","VERIFIED_API_IDENTITY","all mapped audit","ACCEPT",""
"0839f1cd-577e-4ff3-8562-8fe5e97c9dc5","Jon Moncayola","CA Osasuna","jon-moncayola-tollar","jon-moncayola-tollar","no","yes","Moncayola","1998-05-13","CA Osasuna","yes","https://sorare.com/football/players/jon-moncayola-tollar","","Sorare GraphQL API","VERIFIED_API_IDENTITY","all mapped audit","ACCEPT",""
"10a10e84-ebaa-41c6-9f65-86c8317daba8","Abel Bretones","CA Osasuna","abel-bretones-cruz","abel-bretones-cruz","no","yes","Abel Bretones","2000-08-21","CA Osasuna","yes","https://sorare.com/football/players/abel-bretones-cruz","","Sorare GraphQL API","VERIFIED_API_IDENTITY","all mapped audit","ACCEPT",""
"00d13995-ddb7-4ec1-af51-16642d8cdc7b","Lorenzo Amatucci","Deportivo de La Coruña","lorenzo-amatucci","lorenzo-amatucci","no","yes","Lorenzo Amatucci","2004-02-05","Real Club Deportivo de La Coruña","yes","https://sorare.com/football/players/lorenzo-amatucci","","Sorare GraphQL API","VERIFIED_API_IDENTITY","all mapped audit","ACCEPT",""
"d8870e60-5fa9-48ad-8288-5a2da3395e92","Bright Ede","Deportivo de La Coruña","bright-ede","bright-ede","no","yes","Bright Ede","2007-02-18","Real Club Deportivo de La Coruña","yes","https://sorare.com/football/players/bright-ede","","Sorare GraphQL API","VERIFIED_API_IDENTITY","all mapped audit","ACCEPT",""
"c19480b9-1b81-4ac4-bd09-268fb559cf5d","Lucas Noubi","Deportivo de La Coruña","lucas-noubi-ngnokam","lucas-noubi-ngnokam","no","yes","Lucas Noubi","2005-01-15","Real Club Deportivo de La Coruña","yes","https://sorare.com/football/players/lucas-noubi-ngnokam","","Sorare GraphQL API","VERIFIED_API_IDENTITY","all mapped audit","ACCEPT",""
"96857f1d-85c9-4d91-be06-0429a55c61f3","Ximo Navarro Jiménez","Deportivo de La Coruña","joaquin-navarro-jimenez","joaquin-navarro-jimenez","no","yes","Ximo Navarro","1990-01-23","Real Club Deportivo de La Coruña","yes","https://sorare.com/football/players/joaquin-navarro-jimenez","","Sorare GraphQL API","VERIFIED_API_IDENTITY","all mapped audit","ACCEPT",""
"9076dafc-ab8b-48f7-ba27-4974aafac923","Adrià Altimira","Deportivo de La Coruña","adria-altimira-reynaldos","adria-altimira-reynaldos","no","yes","Adrià Altimira","2001-03-28","Real Club Deportivo de La Coruña","yes","https://sorare.com/football/players/adria-altimira-reynaldos","","Sorare GraphQL API","VERIFIED_API_IDENTITY","all mapped audit","ACCEPT",""
"1fe3043b-21be-4ea3-b029-17e0e8df628c","Hugo Duro","Valencia CF","hugo-duro-perales","hugo-duro-perales","no","yes","Hugo Duro","1999-11-10","Valencia CF","yes","https://sorare.com/football/players/hugo-duro-perales","","Sorare GraphQL API","VERIFIED_API_IDENTITY","all mapped audit","ACCEPT",""
"e9dd111b-7934-404e-8b2e-b7303877ab4a","Guido Rodríguez","Valencia CF","guido-rodriguez","guido-rodriguez","no","yes","Guido Rodríguez","1994-04-12","Valencia CF","yes","https://sorare.com/football/players/guido-rodriguez","","Sorare GraphQL API","VERIFIED_API_IDENTITY","all mapped audit","ACCEPT",""
"4868e70a-f39e-4e3f-a344-43b7bdd24398","Filip Ugrinić","Valencia CF","filip-ugrinic","filip-ugrinic","no","yes","Filip Ugrinic","1999-01-05","Valencia CF","yes","https://sorare.com/football/players/filip-ugrinic","","Sorare GraphQL API","VERIFIED_API_IDENTITY","all mapped audit","ACCEPT",""
"eb7cf28d-037b-4798-bf6d-1a17154a3fa7","Justin de Haas","Valencia CF","justin-de-haas","justin-de-haas","no","yes","Justin de Haas","2000-02-01","Valencia CF","yes","https://sorare.com/football/players/justin-de-haas","","Sorare GraphQL API","VERIFIED_API_IDENTITY","all mapped audit","ACCEPT",""
